Year,sum,file,variable
1950,4194395736181760,boats_ipsl-cm6a-lr_nobasd_historical_nat_default_tcb_global_monthly_1950_2014.nc,tcb_unfished
1951,4159246204926370,boats_ipsl-cm6a-lr_nobasd_historical_nat_default_tcb_global_monthly_1950_2014.nc,tcb_unfished
1952,4116074281672320,boats_ipsl-cm6a-lr_nobasd_historical_nat_default_tcb_global_monthly_1950_2014.nc,tcb_unfished
1953,4116282941377810,boats_ipsl-cm6a-lr_nobasd_historical_nat_default_tcb_global_monthly_1950_2014.nc,tcb_unfished
1954,4153197815392930,boats_ipsl-cm6a-lr_nobasd_historical_nat_default_tcb_global_monthly_1950_2014.nc,tcb_unfished
1955,4118911418927010,boats_ipsl-cm6a-lr_nobasd_historical_nat_default_tcb_global_monthly_1950_2014.nc,tcb_unfished
1956,4092506551068100,boats_ipsl-cm6a-lr_nobasd_historical_nat_default_tcb_global_monthly_1950_2014.nc,tcb_unfished
1957,4066919936276210,boats_ipsl-cm6a-lr_nobasd_historical_nat_default_tcb_global_monthly_1950_2014.nc,tcb_unfished
1958,4041979021625110,boats_ipsl-cm6a-lr_nobasd_historical_nat_default_tcb_global_monthly_1950_2014.nc,tcb_unfished
1959,4079113714397230,boats_ipsl-cm6a-lr_nobasd_historical_nat_default_tcb_global_monthly_1950_2014.nc,tcb_unfished
1960,4072029444992050,boats_ipsl-cm6a-lr_nobasd_historical_nat_default_tcb_global_monthly_1950_2014.nc,tcb_unfished
1961,4064688898603300,boats_ipsl-cm6a-lr_nobasd_historical_nat_default_tcb_global_monthly_1950_2014.nc,tcb_unfished
1962,4010234665791580,boats_ipsl-cm6a-lr_nobasd_historical_nat_default_tcb_global_monthly_1950_2014.nc,tcb_unfished
1963,4026119991936270,boats_ipsl-cm6a-lr_nobasd_historical_nat_default_tcb_global_monthly_1950_2014.nc,tcb_unfished
1964,4042660709099360,boats_ipsl-cm6a-lr_nobasd_historical_nat_default_tcb_global_monthly_1950_2014.nc,tcb_unfished
1965,4023981479564850,boats_ipsl-cm6a-lr_nobasd_historical_nat_default_tcb_global_monthly_1950_2014.nc,tcb_unfished
1966,4048934502433960,boats_ipsl-cm6a-lr_nobasd_historical_nat_default_tcb_global_monthly_1950_2014.nc,tcb_unfished
1967,4045665038044980,boats_ipsl-cm6a-lr_nobasd_historical_nat_default_tcb_global_monthly_1950_2014.nc,tcb_unfished
1968,4058251693357060,boats_ipsl-cm6a-lr_nobasd_historical_nat_default_tcb_global_monthly_1950_2014.nc,tcb_unfished
1969,4046206314052660,boats_ipsl-cm6a-lr_nobasd_historical_nat_default_tcb_global_monthly_1950_2014.nc,tcb_unfished
1970,4089243946962440,boats_ipsl-cm6a-lr_nobasd_historical_nat_default_tcb_global_monthly_1950_2014.nc,tcb_unfished
1971,4092512332923170,boats_ipsl-cm6a-lr_nobasd_historical_nat_default_tcb_global_monthly_1950_2014.nc,tcb_unfished
1972,4064792871581220,boats_ipsl-cm6a-lr_nobasd_historical_nat_default_tcb_global_monthly_1950_2014.nc,tcb_unfished
1973,4037340467828340,boats_ipsl-cm6a-lr_nobasd_historical_nat_default_tcb_global_monthly_1950_2014.nc,tcb_unfished
1974,4082369706352570,boats_ipsl-cm6a-lr_nobasd_historical_nat_default_tcb_global_monthly_1950_2014.nc,tcb_unfished
1975,4079804062745530,boats_ipsl-cm6a-lr_nobasd_historical_nat_default_tcb_global_monthly_1950_2014.nc,tcb_unfished
1976,4046469080580260,boats_ipsl-cm6a-lr_nobasd_historical_nat_default_tcb_global_monthly_1950_2014.nc,tcb_unfished
1977,4060803084080510,boats_ipsl-cm6a-lr_nobasd_historical_nat_default_tcb_global_monthly_1950_2014.nc,tcb_unfished
1978,4081677337679440,boats_ipsl-cm6a-lr_nobasd_historical_nat_default_tcb_global_monthly_1950_2014.nc,tcb_unfished
1979,4086816973155700,boats_ipsl-cm6a-lr_nobasd_historical_nat_default_tcb_global_monthly_1950_2014.nc,tcb_unfished
1980,4050964366647140,boats_ipsl-cm6a-lr_nobasd_historical_nat_default_tcb_global_monthly_1950_2014.nc,tcb_unfished
1981,4011967569546150,boats_ipsl-cm6a-lr_nobasd_historical_nat_default_tcb_global_monthly_1950_2014.nc,tcb_unfished
1982,4061443110761220,boats_ipsl-cm6a-lr_nobasd_historical_nat_default_tcb_global_monthly_1950_2014.nc,tcb_unfished
1983,4092754386713500,boats_ipsl-cm6a-lr_nobasd_historical_nat_default_tcb_global_monthly_1950_2014.nc,tcb_unfished
1984,4115032329845750,boats_ipsl-cm6a-lr_nobasd_historical_nat_default_tcb_global_monthly_1950_2014.nc,tcb_unfished
1985,4197571348285220,boats_ipsl-cm6a-lr_nobasd_historical_nat_default_tcb_global_monthly_1950_2014.nc,tcb_unfished
1986,4196368244691700,boats_ipsl-cm6a-lr_nobasd_historical_nat_default_tcb_global_monthly_1950_2014.nc,tcb_unfished
1987,4141053923671790,boats_ipsl-cm6a-lr_nobasd_historical_nat_default_tcb_global_monthly_1950_2014.nc,tcb_unfished
1988,4114883184813060,boats_ipsl-cm6a-lr_nobasd_historical_nat_default_tcb_global_monthly_1950_2014.nc,tcb_unfished
1989,4032365394524590,boats_ipsl-cm6a-lr_nobasd_historical_nat_default_tcb_global_monthly_1950_2014.nc,tcb_unfished
1990,4074782222438210,boats_ipsl-cm6a-lr_nobasd_historical_nat_default_tcb_global_monthly_1950_2014.nc,tcb_unfished
1991,4091241739401040,boats_ipsl-cm6a-lr_nobasd_historical_nat_default_tcb_global_monthly_1950_2014.nc,tcb_unfished
1992,4079889780131010,boats_ipsl-cm6a-lr_nobasd_historical_nat_default_tcb_global_monthly_1950_2014.nc,tcb_unfished
1993,4080069309565770,boats_ipsl-cm6a-lr_nobasd_historical_nat_default_tcb_global_monthly_1950_2014.nc,tcb_unfished
1994,4078391149267960,boats_ipsl-cm6a-lr_nobasd_historical_nat_default_tcb_global_monthly_1950_2014.nc,tcb_unfished
1995,4077989912468930,boats_ipsl-cm6a-lr_nobasd_historical_nat_default_tcb_global_monthly_1950_2014.nc,tcb_unfished
1996,4051160267070620,boats_ipsl-cm6a-lr_nobasd_historical_nat_default_tcb_global_monthly_1950_2014.nc,tcb_unfished
1997,4040897398497510,boats_ipsl-cm6a-lr_nobasd_historical_nat_default_tcb_global_monthly_1950_2014.nc,tcb_unfished
1998,4072619409387260,boats_ipsl-cm6a-lr_nobasd_historical_nat_default_tcb_global_monthly_1950_2014.nc,tcb_unfished
1999,4054741939873010,boats_ipsl-cm6a-lr_nobasd_historical_nat_default_tcb_global_monthly_1950_2014.nc,tcb_unfished
2000,4011536223073640,boats_ipsl-cm6a-lr_nobasd_historical_nat_default_tcb_global_monthly_1950_2014.nc,tcb_unfished
2001,4024081702680850,boats_ipsl-cm6a-lr_nobasd_historical_nat_default_tcb_global_monthly_1950_2014.nc,tcb_unfished
2002,4038830299159920,boats_ipsl-cm6a-lr_nobasd_historical_nat_default_tcb_global_monthly_1950_2014.nc,tcb_unfished
2003,4053839169424600,boats_ipsl-cm6a-lr_nobasd_historical_nat_default_tcb_global_monthly_1950_2014.nc,tcb_unfished
2004,4073199441948870,boats_ipsl-cm6a-lr_nobasd_historical_nat_default_tcb_global_monthly_1950_2014.nc,tcb_unfished
2005,4003850816992860,boats_ipsl-cm6a-lr_nobasd_historical_nat_default_tcb_global_monthly_1950_2014.nc,tcb_unfished
2006,3956371919821610,boats_ipsl-cm6a-lr_nobasd_historical_nat_default_tcb_global_monthly_1950_2014.nc,tcb_unfished
2007,4005178385048980,boats_ipsl-cm6a-lr_nobasd_historical_nat_default_tcb_global_monthly_1950_2014.nc,tcb_unfished
2008,4029181476912100,boats_ipsl-cm6a-lr_nobasd_historical_nat_default_tcb_global_monthly_1950_2014.nc,tcb_unfished
2009,3970381076436020,boats_ipsl-cm6a-lr_nobasd_historical_nat_default_tcb_global_monthly_1950_2014.nc,tcb_unfished
2010,3922920938086850,boats_ipsl-cm6a-lr_nobasd_historical_nat_default_tcb_global_monthly_1950_2014.nc,tcb_unfished
2011,3972670448881620,boats_ipsl-cm6a-lr_nobasd_historical_nat_default_tcb_global_monthly_1950_2014.nc,tcb_unfished
2012,3952413831513100,boats_ipsl-cm6a-lr_nobasd_historical_nat_default_tcb_global_monthly_1950_2014.nc,tcb_unfished
2013,3940720187718360,boats_ipsl-cm6a-lr_nobasd_historical_nat_default_tcb_global_monthly_1950_2014.nc,tcb_unfished
2014,3989541382281310,boats_ipsl-cm6a-lr_nobasd_historical_nat_default_tcb_global_monthly_1950_2014.nc,tcb_unfished
2015,4013179342354970,boats_ipsl-cm6a-lr_nobasd_ssp585_nat_default_tcb_global_monthly_2015_2100.nc,tcb_unfished
2016,3951906458857230,boats_ipsl-cm6a-lr_nobasd_ssp585_nat_default_tcb_global_monthly_2015_2100.nc,tcb_unfished
2017,3896101084913060,boats_ipsl-cm6a-lr_nobasd_ssp585_nat_default_tcb_global_monthly_2015_2100.nc,tcb_unfished
2018,3900881533081360,boats_ipsl-cm6a-lr_nobasd_ssp585_nat_default_tcb_global_monthly_2015_2100.nc,tcb_unfished
2019,3909843206515250,boats_ipsl-cm6a-lr_nobasd_ssp585_nat_default_tcb_global_monthly_2015_2100.nc,tcb_unfished
2020,3926893966029510,boats_ipsl-cm6a-lr_nobasd_ssp585_nat_default_tcb_global_monthly_2015_2100.nc,tcb_unfished
2021,3892043528580240,boats_ipsl-cm6a-lr_nobasd_ssp585_nat_default_tcb_global_monthly_2015_2100.nc,tcb_unfished
2022,3911961155757720,boats_ipsl-cm6a-lr_nobasd_ssp585_nat_default_tcb_global_monthly_2015_2100.nc,tcb_unfished
2023,3946925689679860,boats_ipsl-cm6a-lr_nobasd_ssp585_nat_default_tcb_global_monthly_2015_2100.nc,tcb_unfished
2024,3949449704630650,boats_ipsl-cm6a-lr_nobasd_ssp585_nat_default_tcb_global_monthly_2015_2100.nc,tcb_unfished
2025,3920927089119840,boats_ipsl-cm6a-lr_nobasd_ssp585_nat_default_tcb_global_monthly_2015_2100.nc,tcb_unfished
2026,3926242031290680,boats_ipsl-cm6a-lr_nobasd_ssp585_nat_default_tcb_global_monthly_2015_2100.nc,tcb_unfished
2027,3923308850115080,boats_ipsl-cm6a-lr_nobasd_ssp585_nat_default_tcb_global_monthly_2015_2100.nc,tcb_unfished
2028,3893884690488330,boats_ipsl-cm6a-lr_nobasd_ssp585_nat_default_tcb_global_monthly_2015_2100.nc,tcb_unfished
2029,3837301110718980,boats_ipsl-cm6a-lr_nobasd_ssp585_nat_default_tcb_global_monthly_2015_2100.nc,tcb_unfished
2030,3801408202116450,boats_ipsl-cm6a-lr_nobasd_ssp585_nat_default_tcb_global_monthly_2015_2100.nc,tcb_unfished
2031,3820535330663840,boats_ipsl-cm6a-lr_nobasd_ssp585_nat_default_tcb_global_monthly_2015_2100.nc,tcb_unfished
2032,3836090910267180,boats_ipsl-cm6a-lr_nobasd_ssp585_nat_default_tcb_global_monthly_2015_2100.nc,tcb_unfished
2033,3854839026631800,boats_ipsl-cm6a-lr_nobasd_ssp585_nat_default_tcb_global_monthly_2015_2100.nc,tcb_unfished
2034,3857088254897690,boats_ipsl-cm6a-lr_nobasd_ssp585_nat_default_tcb_global_monthly_2015_2100.nc,tcb_unfished
2035,3868737662242180,boats_ipsl-cm6a-lr_nobasd_ssp585_nat_default_tcb_global_monthly_2015_2100.nc,tcb_unfished
2036,3849085988964200,boats_ipsl-cm6a-lr_nobasd_ssp585_nat_default_tcb_global_monthly_2015_2100.nc,tcb_unfished
2037,3856582614734740,boats_ipsl-cm6a-lr_nobasd_ssp585_nat_default_tcb_global_monthly_2015_2100.nc,tcb_unfished
2038,3814476893162210,boats_ipsl-cm6a-lr_nobasd_ssp585_nat_default_tcb_global_monthly_2015_2100.nc,tcb_unfished
2039,3794014478521740,boats_ipsl-cm6a-lr_nobasd_ssp585_nat_default_tcb_global_monthly_2015_2100.nc,tcb_unfished
2040,3806431002180380,boats_ipsl-cm6a-lr_nobasd_ssp585_nat_default_tcb_global_monthly_2015_2100.nc,tcb_unfished
2041,3788770702401050,boats_ipsl-cm6a-lr_nobasd_ssp585_nat_default_tcb_global_monthly_2015_2100.nc,tcb_unfished
2042,3787942123538740,boats_ipsl-cm6a-lr_nobasd_ssp585_nat_default_tcb_global_monthly_2015_2100.nc,tcb_unfished
2043,3743501063119710,boats_ipsl-cm6a-lr_nobasd_ssp585_nat_default_tcb_global_monthly_2015_2100.nc,tcb_unfished
2044,3697945232930270,boats_ipsl-cm6a-lr_nobasd_ssp585_nat_default_tcb_global_monthly_2015_2100.nc,tcb_unfished
2045,3697053477859750,boats_ipsl-cm6a-lr_nobasd_ssp585_nat_default_tcb_global_monthly_2015_2100.nc,tcb_unfished
2046,3716434956032660,boats_ipsl-cm6a-lr_nobasd_ssp585_nat_default_tcb_global_monthly_2015_2100.nc,tcb_unfished
2047,3678149961948840,boats_ipsl-cm6a-lr_nobasd_ssp585_nat_default_tcb_global_monthly_2015_2100.nc,tcb_unfished
2048,3637181020415830,boats_ipsl-cm6a-lr_nobasd_ssp585_nat_default_tcb_global_monthly_2015_2100.nc,tcb_unfished
2049,3668147274167170,boats_ipsl-cm6a-lr_nobasd_ssp585_nat_default_tcb_global_monthly_2015_2100.nc,tcb_unfished
2050,3678344205212030,boats_ipsl-cm6a-lr_nobasd_ssp585_nat_default_tcb_global_monthly_2015_2100.nc,tcb_unfished
2051,3652389212889600,boats_ipsl-cm6a-lr_nobasd_ssp585_nat_default_tcb_global_monthly_2015_2100.nc,tcb_unfished
2052,3612282478367710,boats_ipsl-cm6a-lr_nobasd_ssp585_nat_default_tcb_global_monthly_2015_2100.nc,tcb_unfished
2053,3594192805882520,boats_ipsl-cm6a-lr_nobasd_ssp585_nat_default_tcb_global_monthly_2015_2100.nc,tcb_unfished
2054,3611564665561620,boats_ipsl-cm6a-lr_nobasd_ssp585_nat_default_tcb_global_monthly_2015_2100.nc,tcb_unfished
2055,3615337488318640,boats_ipsl-cm6a-lr_nobasd_ssp585_nat_default_tcb_global_monthly_2015_2100.nc,tcb_unfished
2056,3572814210593010,boats_ipsl-cm6a-lr_nobasd_ssp585_nat_default_tcb_global_monthly_2015_2100.nc,tcb_unfished
2057,3570994647379920,boats_ipsl-cm6a-lr_nobasd_ssp585_nat_default_tcb_global_monthly_2015_2100.nc,tcb_unfished
2058,3575064275159060,boats_ipsl-cm6a-lr_nobasd_ssp585_nat_default_tcb_global_monthly_2015_2100.nc,tcb_unfished
2059,3591076634074490,boats_ipsl-cm6a-lr_nobasd_ssp585_nat_default_tcb_global_monthly_2015_2100.nc,tcb_unfished
2060,3560095628688810,boats_ipsl-cm6a-lr_nobasd_ssp585_nat_default_tcb_global_monthly_2015_2100.nc,tcb_unfished
2061,3574643276901130,boats_ipsl-cm6a-lr_nobasd_ssp585_nat_default_tcb_global_monthly_2015_2100.nc,tcb_unfished
2062,3583170227476140,boats_ipsl-cm6a-lr_nobasd_ssp585_nat_default_tcb_global_monthly_2015_2100.nc,tcb_unfished
2063,3549573025211620,boats_ipsl-cm6a-lr_nobasd_ssp585_nat_default_tcb_global_monthly_2015_2100.nc,tcb_unfished
2064,3518638683963230,boats_ipsl-cm6a-lr_nobasd_ssp585_nat_default_tcb_global_monthly_2015_2100.nc,tcb_unfished
2065,3517356727436740,boats_ipsl-cm6a-lr_nobasd_ssp585_nat_default_tcb_global_monthly_2015_2100.nc,tcb_unfished
2066,3465017958982950,boats_ipsl-cm6a-lr_nobasd_ssp585_nat_default_tcb_global_monthly_2015_2100.nc,tcb_unfished
2067,3445807214434970,boats_ipsl-cm6a-lr_nobasd_ssp585_nat_default_tcb_global_monthly_2015_2100.nc,tcb_unfished
2068,3453301727342850,boats_ipsl-cm6a-lr_nobasd_ssp585_nat_default_tcb_global_monthly_2015_2100.nc,tcb_unfished
2069,3436419492658690,boats_ipsl-cm6a-lr_nobasd_ssp585_nat_default_tcb_global_monthly_2015_2100.nc,tcb_unfished
2070,3433961758736380,boats_ipsl-cm6a-lr_nobasd_ssp585_nat_default_tcb_global_monthly_2015_2100.nc,tcb_unfished
2071,3387745539310730,boats_ipsl-cm6a-lr_nobasd_ssp585_nat_default_tcb_global_monthly_2015_2100.nc,tcb_unfished
2072,3395045529155400,boats_ipsl-cm6a-lr_nobasd_ssp585_nat_default_tcb_global_monthly_2015_2100.nc,tcb_unfished
2073,3391752640706620,boats_ipsl-cm6a-lr_nobasd_ssp585_nat_default_tcb_global_monthly_2015_2100.nc,tcb_unfished
2074,3391950631745580,boats_ipsl-cm6a-lr_nobasd_ssp585_nat_default_tcb_global_monthly_2015_2100.nc,tcb_unfished
2075,3409148620657200,boats_ipsl-cm6a-lr_nobasd_ssp585_nat_default_tcb_global_monthly_2015_2100.nc,tcb_unfished
2076,3376637302262080,boats_ipsl-cm6a-lr_nobasd_ssp585_nat_default_tcb_global_monthly_2015_2100.nc,tcb_unfished
2077,3371977493294160,boats_ipsl-cm6a-lr_nobasd_ssp585_nat_default_tcb_global_monthly_2015_2100.nc,tcb_unfished
2078,3356125939244850,boats_ipsl-cm6a-lr_nobasd_ssp585_nat_default_tcb_global_monthly_2015_2100.nc,tcb_unfished
2079,3336138156536830,boats_ipsl-cm6a-lr_nobasd_ssp585_nat_default_tcb_global_monthly_2015_2100.nc,tcb_unfished
2080,3286945282923710,boats_ipsl-cm6a-lr_nobasd_ssp585_nat_default_tcb_global_monthly_2015_2100.nc,tcb_unfished
2081,3242371030061930,boats_ipsl-cm6a-lr_nobasd_ssp585_nat_default_tcb_global_monthly_2015_2100.nc,tcb_unfished
2082,3253061520918710,boats_ipsl-cm6a-lr_nobasd_ssp585_nat_default_tcb_global_monthly_2015_2100.nc,tcb_unfished
2083,3250120320673470,boats_ipsl-cm6a-lr_nobasd_ssp585_nat_default_tcb_global_monthly_2015_2100.nc,tcb_unfished
2084,3192740585442540,boats_ipsl-cm6a-lr_nobasd_ssp585_nat_default_tcb_global_monthly_2015_2100.nc,tcb_unfished
2085,3199582275893790,boats_ipsl-cm6a-lr_nobasd_ssp585_nat_default_tcb_global_monthly_2015_2100.nc,tcb_unfished
2086,3191691107830910,boats_ipsl-cm6a-lr_nobasd_ssp585_nat_default_tcb_global_monthly_2015_2100.nc,tcb_unfished
2087,3149120197982420,boats_ipsl-cm6a-lr_nobasd_ssp585_nat_default_tcb_global_monthly_2015_2100.nc,tcb_unfished
2088,3147349173062810,boats_ipsl-cm6a-lr_nobasd_ssp585_nat_default_tcb_global_monthly_2015_2100.nc,tcb_unfished
2089,3128081621632740,boats_ipsl-cm6a-lr_nobasd_ssp585_nat_default_tcb_global_monthly_2015_2100.nc,tcb_unfished
2090,3093933028267760,boats_ipsl-cm6a-lr_nobasd_ssp585_nat_default_tcb_global_monthly_2015_2100.nc,tcb_unfished
2091,3090362941978600,boats_ipsl-cm6a-lr_nobasd_ssp585_nat_default_tcb_global_monthly_2015_2100.nc,tcb_unfished
2092,3083229803658750,boats_ipsl-cm6a-lr_nobasd_ssp585_nat_default_tcb_global_monthly_2015_2100.nc,tcb_unfished
2093,3106107988881040,boats_ipsl-cm6a-lr_nobasd_ssp585_nat_default_tcb_global_monthly_2015_2100.nc,tcb_unfished
2094,3113475922002370,boats_ipsl-cm6a-lr_nobasd_ssp585_nat_default_tcb_global_monthly_2015_2100.nc,tcb_unfished
2095,3094309393515880,boats_ipsl-cm6a-lr_nobasd_ssp585_nat_default_tcb_global_monthly_2015_2100.nc,tcb_unfished
2096,3069018710586260,boats_ipsl-cm6a-lr_nobasd_ssp585_nat_default_tcb_global_monthly_2015_2100.nc,tcb_unfished
2097,3089549164339570,boats_ipsl-cm6a-lr_nobasd_ssp585_nat_default_tcb_global_monthly_2015_2100.nc,tcb_unfished
2098,3064570605693910,boats_ipsl-cm6a-lr_nobasd_ssp585_nat_default_tcb_global_monthly_2015_2100.nc,tcb_unfished
2099,3011240420008180,boats_ipsl-cm6a-lr_nobasd_ssp585_nat_default_tcb_global_monthly_2015_2100.nc,tcb_unfished
2100,3019021234162270,boats_ipsl-cm6a-lr_nobasd_ssp585_nat_default_tcb_global_monthly_2015_2100.nc,tcb_unfished
1950,3937482165765970,boats_ipsl-cm6a-lr_nobasd_historical_histsoc_default_tcb_global_monthly_1950_2014.nc,tcb_fished
1951,3902983640550560,boats_ipsl-cm6a-lr_nobasd_historical_histsoc_default_tcb_global_monthly_1950_2014.nc,tcb_fished
1952,3858876206569540,boats_ipsl-cm6a-lr_nobasd_historical_histsoc_default_tcb_global_monthly_1950_2014.nc,tcb_fished
1953,3856198903170860,boats_ipsl-cm6a-lr_nobasd_historical_histsoc_default_tcb_global_monthly_1950_2014.nc,tcb_fished
1954,3887487517379280,boats_ipsl-cm6a-lr_nobasd_historical_histsoc_default_tcb_global_monthly_1950_2014.nc,tcb_fished
1955,3851719800694960,boats_ipsl-cm6a-lr_nobasd_historical_histsoc_default_tcb_global_monthly_1950_2014.nc,tcb_fished
1956,3822057901903060,boats_ipsl-cm6a-lr_nobasd_historical_histsoc_default_tcb_global_monthly_1950_2014.nc,tcb_fished
1957,3792531788729870,boats_ipsl-cm6a-lr_nobasd_historical_histsoc_default_tcb_global_monthly_1950_2014.nc,tcb_fished
1958,3761613189069710,boats_ipsl-cm6a-lr_nobasd_historical_histsoc_default_tcb_global_monthly_1950_2014.nc,tcb_fished
1959,3789992144565410,boats_ipsl-cm6a-lr_nobasd_historical_histsoc_default_tcb_global_monthly_1950_2014.nc,tcb_fished
1960,3773606942787460,boats_ipsl-cm6a-lr_nobasd_historical_histsoc_default_tcb_global_monthly_1950_2014.nc,tcb_fished
1961,3754629112702790,boats_ipsl-cm6a-lr_nobasd_historical_histsoc_default_tcb_global_monthly_1950_2014.nc,tcb_fished
1962,3691339370771950,boats_ipsl-cm6a-lr_nobasd_historical_histsoc_default_tcb_global_monthly_1950_2014.nc,tcb_fished
1963,3689176121930770,boats_ipsl-cm6a-lr_nobasd_historical_histsoc_default_tcb_global_monthly_1950_2014.nc,tcb_fished
1964,3687543626530090,boats_ipsl-cm6a-lr_nobasd_historical_histsoc_default_tcb_global_monthly_1950_2014.nc,tcb_fished
1965,3649690709968270,boats_ipsl-cm6a-lr_nobasd_historical_histsoc_default_tcb_global_monthly_1950_2014.nc,tcb_fished
1966,3650228048725580,boats_ipsl-cm6a-lr_nobasd_historical_histsoc_default_tcb_global_monthly_1950_2014.nc,tcb_fished
1967,3624083711075090,boats_ipsl-cm6a-lr_nobasd_historical_histsoc_default_tcb_global_monthly_1950_2014.nc,tcb_fished
1968,3610832917620380,boats_ipsl-cm6a-lr_nobasd_historical_histsoc_default_tcb_global_monthly_1950_2014.nc,tcb_fished
1969,3568584656609080,boats_ipsl-cm6a-lr_nobasd_historical_histsoc_default_tcb_global_monthly_1950_2014.nc,tcb_fished
1970,3575334286611340,boats_ipsl-cm6a-lr_nobasd_historical_histsoc_default_tcb_global_monthly_1950_2014.nc,tcb_fished
1971,3544629507158300,boats_ipsl-cm6a-lr_nobasd_historical_histsoc_default_tcb_global_monthly_1950_2014.nc,tcb_fished
1972,3482019560445550,boats_ipsl-cm6a-lr_nobasd_historical_histsoc_default_tcb_global_monthly_1950_2014.nc,tcb_fished
1973,3414185034453550,boats_ipsl-cm6a-lr_nobasd_historical_histsoc_default_tcb_global_monthly_1950_2014.nc,tcb_fished
1974,3409067743810480,boats_ipsl-cm6a-lr_nobasd_historical_histsoc_default_tcb_global_monthly_1950_2014.nc,tcb_fished
1975,3365618257737710,boats_ipsl-cm6a-lr_nobasd_historical_histsoc_default_tcb_global_monthly_1950_2014.nc,tcb_fished
1976,3290186522217460,boats_ipsl-cm6a-lr_nobasd_historical_histsoc_default_tcb_global_monthly_1950_2014.nc,tcb_fished
1977,3252411196827290,boats_ipsl-cm6a-lr_nobasd_historical_histsoc_default_tcb_global_monthly_1950_2014.nc,tcb_fished
1978,3218376955223630,boats_ipsl-cm6a-lr_nobasd_historical_histsoc_default_tcb_global_monthly_1950_2014.nc,tcb_fished
1979,3168946485382250,boats_ipsl-cm6a-lr_nobasd_historical_histsoc_default_tcb_global_monthly_1950_2014.nc,tcb_fished
1980,3085768926985270,boats_ipsl-cm6a-lr_nobasd_historical_histsoc_default_tcb_global_monthly_1950_2014.nc,tcb_fished
1981,2994291268882040,boats_ipsl-cm6a-lr_nobasd_historical_histsoc_default_tcb_global_monthly_1950_2014.nc,tcb_fished
1982,2975496132856310,boats_ipsl-cm6a-lr_nobasd_historical_histsoc_default_tcb_global_monthly_1950_2014.nc,tcb_fished
1983,2948537582415500,boats_ipsl-cm6a-lr_nobasd_historical_histsoc_default_tcb_global_monthly_1950_2014.nc,tcb_fished
1984,2908069955155040,boats_ipsl-cm6a-lr_nobasd_historical_histsoc_default_tcb_global_monthly_1950_2014.nc,tcb_fished
1985,2913477229754430,boats_ipsl-cm6a-lr_nobasd_historical_histsoc_default_tcb_global_monthly_1950_2014.nc,tcb_fished
1986,2858881517630320,boats_ipsl-cm6a-lr_nobasd_historical_histsoc_default_tcb_global_monthly_1950_2014.nc,tcb_fished
1987,2751945630798450,boats_ipsl-cm6a-lr_nobasd_historical_histsoc_default_tcb_global_monthly_1950_2014.nc,tcb_fished
1988,2666733830664900,boats_ipsl-cm6a-lr_nobasd_historical_histsoc_default_tcb_global_monthly_1950_2014.nc,tcb_fished
1989,2541058801522250,boats_ipsl-cm6a-lr_nobasd_historical_histsoc_default_tcb_global_monthly_1950_2014.nc,tcb_fished
1990,2502376723397060,boats_ipsl-cm6a-lr_nobasd_historical_histsoc_default_tcb_global_monthly_1950_2014.nc,tcb_fished
1991,2456054064177090,boats_ipsl-cm6a-lr_nobasd_historical_histsoc_default_tcb_global_monthly_1950_2014.nc,tcb_fished
1992,2384362939062990,boats_ipsl-cm6a-lr_nobasd_historical_histsoc_default_tcb_global_monthly_1950_2014.nc,tcb_fished
1993,2320219639716150,boats_ipsl-cm6a-lr_nobasd_historical_histsoc_default_tcb_global_monthly_1950_2014.nc,tcb_fished
1994,2257468870975440,boats_ipsl-cm6a-lr_nobasd_historical_histsoc_default_tcb_global_monthly_1950_2014.nc,tcb_fished
1995,2192055827952830,boats_ipsl-cm6a-lr_nobasd_historical_histsoc_default_tcb_global_monthly_1950_2014.nc,tcb_fished
1996,2115585357608820,boats_ipsl-cm6a-lr_nobasd_historical_histsoc_default_tcb_global_monthly_1950_2014.nc,tcb_fished
1997,2044879791010170,boats_ipsl-cm6a-lr_nobasd_historical_histsoc_default_tcb_global_monthly_1950_2014.nc,tcb_fished
1998,2008822991983900,boats_ipsl-cm6a-lr_nobasd_historical_histsoc_default_tcb_global_monthly_1950_2014.nc,tcb_fished
1999,1941950365567770,boats_ipsl-cm6a-lr_nobasd_historical_histsoc_default_tcb_global_monthly_1950_2014.nc,tcb_fished
2000,1856159805920980,boats_ipsl-cm6a-lr_nobasd_historical_histsoc_default_tcb_global_monthly_1950_2014.nc,tcb_fished
2001,1800540182856660,boats_ipsl-cm6a-lr_nobasd_historical_histsoc_default_tcb_global_monthly_1950_2014.nc,tcb_fished
2002,1755915872921380,boats_ipsl-cm6a-lr_nobasd_historical_histsoc_default_tcb_global_monthly_1950_2014.nc,tcb_fished
2003,1708432289198920,boats_ipsl-cm6a-lr_nobasd_historical_histsoc_default_tcb_global_monthly_1950_2014.nc,tcb_fished
2004,1665573985706870,boats_ipsl-cm6a-lr_nobasd_historical_histsoc_default_tcb_global_monthly_1950_2014.nc,tcb_fished
2005,1583791662738670,boats_ipsl-cm6a-lr_nobasd_historical_histsoc_default_tcb_global_monthly_1950_2014.nc,tcb_fished
2006,1506974851704670,boats_ipsl-cm6a-lr_nobasd_historical_histsoc_default_tcb_global_monthly_1950_2014.nc,tcb_fished
2007,1483152744712870,boats_ipsl-cm6a-lr_nobasd_historical_histsoc_default_tcb_global_monthly_1950_2014.nc,tcb_fished
2008,1454275500489260,boats_ipsl-cm6a-lr_nobasd_historical_histsoc_default_tcb_global_monthly_1950_2014.nc,tcb_fished
2009,1382371855802870,boats_ipsl-cm6a-lr_nobasd_historical_histsoc_default_tcb_global_monthly_1950_2014.nc,tcb_fished
2010,1312748226484990,boats_ipsl-cm6a-lr_nobasd_historical_histsoc_default_tcb_global_monthly_1950_2014.nc,tcb_fished
2011,1296197555830110,boats_ipsl-cm6a-lr_nobasd_historical_histsoc_default_tcb_global_monthly_1950_2014.nc,tcb_fished
2012,1253566856537690,boats_ipsl-cm6a-lr_nobasd_historical_histsoc_default_tcb_global_monthly_1950_2014.nc,tcb_fished
2013,1207600584659750,boats_ipsl-cm6a-lr_nobasd_historical_histsoc_default_tcb_global_monthly_1950_2014.nc,tcb_fished
2014,1188823750494000,boats_ipsl-cm6a-lr_nobasd_historical_histsoc_default_tcb_global_monthly_1950_2014.nc,tcb_fished
2015,1166290494943700,boats_ipsl-cm6a-lr_nobasd_ssp585_2015soc-from-histsoc_default_tcb_global_monthly_2015_2100.nc,tcb_fished
2016,1112983712836710,boats_ipsl-cm6a-lr_nobasd_ssp585_2015soc-from-histsoc_default_tcb_global_monthly_2015_2100.nc,tcb_fished
2017,1061438131416230,boats_ipsl-cm6a-lr_nobasd_ssp585_2015soc-from-histsoc_default_tcb_global_monthly_2015_2100.nc,tcb_fished
2018,1045850711376570,boats_ipsl-cm6a-lr_nobasd_ssp585_2015soc-from-histsoc_default_tcb_global_monthly_2015_2100.nc,tcb_fished
2019,1034378023037260,boats_ipsl-cm6a-lr_nobasd_ssp585_2015soc-from-histsoc_default_tcb_global_monthly_2015_2100.nc,tcb_fished
2020,1028218065306460,boats_ipsl-cm6a-lr_nobasd_ssp585_2015soc-from-histsoc_default_tcb_global_monthly_2015_2100.nc,tcb_fished
2021,1005192336371650,boats_ipsl-cm6a-lr_nobasd_ssp585_2015soc-from-histsoc_default_tcb_global_monthly_2015_2100.nc,tcb_fished
2022,1000966256180600,boats_ipsl-cm6a-lr_nobasd_ssp585_2015soc-from-histsoc_default_tcb_global_monthly_2015_2100.nc,tcb_fished
2023,1007794188059050,boats_ipsl-cm6a-lr_nobasd_ssp585_2015soc-from-histsoc_default_tcb_global_monthly_2015_2100.nc,tcb_fished
2024,1004111657845760,boats_ipsl-cm6a-lr_nobasd_ssp585_2015soc-from-histsoc_default_tcb_global_monthly_2015_2100.nc,tcb_fished
2025,984460556965577,boats_ipsl-cm6a-lr_nobasd_ssp585_2015soc-from-histsoc_default_tcb_global_monthly_2015_2100.nc,tcb_fished
2026,979120930828015,boats_ipsl-cm6a-lr_nobasd_ssp585_2015soc-from-histsoc_default_tcb_global_monthly_2015_2100.nc,tcb_fished
2027,972690090528545,boats_ipsl-cm6a-lr_nobasd_ssp585_2015soc-from-histsoc_default_tcb_global_monthly_2015_2100.nc,tcb_fished
2028,957671869092057,boats_ipsl-cm6a-lr_nobasd_ssp585_2015soc-from-histsoc_default_tcb_global_monthly_2015_2100.nc,tcb_fished
2029,929227705746642,boats_ipsl-cm6a-lr_nobasd_ssp585_2015soc-from-histsoc_default_tcb_global_monthly_2015_2100.nc,tcb_fished
2030,910321693503062,boats_ipsl-cm6a-lr_nobasd_ssp585_2015soc-from-histsoc_default_tcb_global_monthly_2015_2100.nc,tcb_fished
2031,915503994502245,boats_ipsl-cm6a-lr_nobasd_ssp585_2015soc-from-histsoc_default_tcb_global_monthly_2015_2100.nc,tcb_fished
2032,923963664344496,boats_ipsl-cm6a-lr_nobasd_ssp585_2015soc-from-histsoc_default_tcb_global_monthly_2015_2100.nc,tcb_fished
2033,929410258986469,boats_ipsl-cm6a-lr_nobasd_ssp585_2015soc-from-histsoc_default_tcb_global_monthly_2015_2100.nc,tcb_fished
2034,929446922885393,boats_ipsl-cm6a-lr_nobasd_ssp585_2015soc-from-histsoc_default_tcb_global_monthly_2015_2100.nc,tcb_fished
2035,931508944765005,boats_ipsl-cm6a-lr_nobasd_ssp585_2015soc-from-histsoc_default_tcb_global_monthly_2015_2100.nc,tcb_fished
2036,922916581511696,boats_ipsl-cm6a-lr_nobasd_ssp585_2015soc-from-histsoc_default_tcb_global_monthly_2015_2100.nc,tcb_fished
2037,924213599955866,boats_ipsl-cm6a-lr_nobasd_ssp585_2015soc-from-histsoc_default_tcb_global_monthly_2015_2100.nc,tcb_fished
2038,908625805484432,boats_ipsl-cm6a-lr_nobasd_ssp585_2015soc-from-histsoc_default_tcb_global_monthly_2015_2100.nc,tcb_fished
2039,896150860845294,boats_ipsl-cm6a-lr_nobasd_ssp585_2015soc-from-histsoc_default_tcb_global_monthly_2015_2100.nc,tcb_fished
2040,903946076488656,boats_ipsl-cm6a-lr_nobasd_ssp585_2015soc-from-histsoc_default_tcb_global_monthly_2015_2100.nc,tcb_fished
2041,899754510082878,boats_ipsl-cm6a-lr_nobasd_ssp585_2015soc-from-histsoc_default_tcb_global_monthly_2015_2100.nc,tcb_fished
2042,898835830096673,boats_ipsl-cm6a-lr_nobasd_ssp585_2015soc-from-histsoc_default_tcb_global_monthly_2015_2100.nc,tcb_fished
2043,883176435941539,boats_ipsl-cm6a-lr_nobasd_ssp585_2015soc-from-histsoc_default_tcb_global_monthly_2015_2100.nc,tcb_fished
2044,863995126518289,boats_ipsl-cm6a-lr_nobasd_ssp585_2015soc-from-histsoc_default_tcb_global_monthly_2015_2100.nc,tcb_fished
2045,863580052394393,boats_ipsl-cm6a-lr_nobasd_ssp585_2015soc-from-histsoc_default_tcb_global_monthly_2015_2100.nc,tcb_fished
2046,880317026290873,boats_ipsl-cm6a-lr_nobasd_ssp585_2015soc-from-histsoc_default_tcb_global_monthly_2015_2100.nc,tcb_fished
2047,871751723075261,boats_ipsl-cm6a-lr_nobasd_ssp585_2015soc-from-histsoc_default_tcb_global_monthly_2015_2100.nc,tcb_fished
2048,859391052716484,boats_ipsl-cm6a-lr_nobasd_ssp585_2015soc-from-histsoc_default_tcb_global_monthly_2015_2100.nc,tcb_fished
2049,878533662829553,boats_ipsl-cm6a-lr_nobasd_ssp585_2015soc-from-histsoc_default_tcb_global_monthly_2015_2100.nc,tcb_fished
2050,890552191898504,boats_ipsl-cm6a-lr_nobasd_ssp585_2015soc-from-histsoc_default_tcb_global_monthly_2015_2100.nc,tcb_fished
2051,882193336915109,boats_ipsl-cm6a-lr_nobasd_ssp585_2015soc-from-histsoc_default_tcb_global_monthly_2015_2100.nc,tcb_fished
2052,867528944608582,boats_ipsl-cm6a-lr_nobasd_ssp585_2015soc-from-histsoc_default_tcb_global_monthly_2015_2100.nc,tcb_fished
2053,863912855944191,boats_ipsl-cm6a-lr_nobasd_ssp585_2015soc-from-histsoc_default_tcb_global_monthly_2015_2100.nc,tcb_fished
2054,869855912791811,boats_ipsl-cm6a-lr_nobasd_ssp585_2015soc-from-histsoc_default_tcb_global_monthly_2015_2100.nc,tcb_fished
2055,878090664346609,boats_ipsl-cm6a-lr_nobasd_ssp585_2015soc-from-histsoc_default_tcb_global_monthly_2015_2100.nc,tcb_fished
2056,861567100188045,boats_ipsl-cm6a-lr_nobasd_ssp585_2015soc-from-histsoc_default_tcb_global_monthly_2015_2100.nc,tcb_fished
2057,860416696970697,boats_ipsl-cm6a-lr_nobasd_ssp585_2015soc-from-histsoc_default_tcb_global_monthly_2015_2100.nc,tcb_fished
2058,867616227722930,boats_ipsl-cm6a-lr_nobasd_ssp585_2015soc-from-histsoc_default_tcb_global_monthly_2015_2100.nc,tcb_fished
2059,878196597795988,boats_ipsl-cm6a-lr_nobasd_ssp585_2015soc-from-histsoc_default_tcb_global_monthly_2015_2100.nc,tcb_fished
2060,871516278724805,boats_ipsl-cm6a-lr_nobasd_ssp585_2015soc-from-histsoc_default_tcb_global_monthly_2015_2100.nc,tcb_fished
2061,882381477823604,boats_ipsl-cm6a-lr_nobasd_ssp585_2015soc-from-histsoc_default_tcb_global_monthly_2015_2100.nc,tcb_fished
2062,890833680101935,boats_ipsl-cm6a-lr_nobasd_ssp585_2015soc-from-histsoc_default_tcb_global_monthly_2015_2100.nc,tcb_fished
2063,881582280207798,boats_ipsl-cm6a-lr_nobasd_ssp585_2015soc-from-histsoc_default_tcb_global_monthly_2015_2100.nc,tcb_fished
2064,869688191346046,boats_ipsl-cm6a-lr_nobasd_ssp585_2015soc-from-histsoc_default_tcb_global_monthly_2015_2100.nc,tcb_fished
2065,873847553773659,boats_ipsl-cm6a-lr_nobasd_ssp585_2015soc-from-histsoc_default_tcb_global_monthly_2015_2100.nc,tcb_fished
2066,856907167790178,boats_ipsl-cm6a-lr_nobasd_ssp585_2015soc-from-histsoc_default_tcb_global_monthly_2015_2100.nc,tcb_fished
2067,848938307750690,boats_ipsl-cm6a-lr_nobasd_ssp585_2015soc-from-histsoc_default_tcb_global_monthly_2015_2100.nc,tcb_fished
2068,859272088718177,boats_ipsl-cm6a-lr_nobasd_ssp585_2015soc-from-histsoc_default_tcb_global_monthly_2015_2100.nc,tcb_fished
2069,855689055608566,boats_ipsl-cm6a-lr_nobasd_ssp585_2015soc-from-histsoc_default_tcb_global_monthly_2015_2100.nc,tcb_fished
2070,857445282736249,boats_ipsl-cm6a-lr_nobasd_ssp585_2015soc-from-histsoc_default_tcb_global_monthly_2015_2100.nc,tcb_fished
2071,844547271028505,boats_ipsl-cm6a-lr_nobasd_ssp585_2015soc-from-histsoc_default_tcb_global_monthly_2015_2100.nc,tcb_fished
2072,852115328538470,boats_ipsl-cm6a-lr_nobasd_ssp585_2015soc-from-histsoc_default_tcb_global_monthly_2015_2100.nc,tcb_fished
2073,853459919839327,boats_ipsl-cm6a-lr_nobasd_ssp585_2015soc-from-histsoc_default_tcb_global_monthly_2015_2100.nc,tcb_fished
2074,857549724226088,boats_ipsl-cm6a-lr_nobasd_ssp585_2015soc-from-histsoc_default_tcb_global_monthly_2015_2100.nc,tcb_fished
2075,871173009045794,boats_ipsl-cm6a-lr_nobasd_ssp585_2015soc-from-histsoc_default_tcb_global_monthly_2015_2100.nc,tcb_fished
2076,861761075843790,boats_ipsl-cm6a-lr_nobasd_ssp585_2015soc-from-histsoc_default_tcb_global_monthly_2015_2100.nc,tcb_fished
2077,862977829881536,boats_ipsl-cm6a-lr_nobasd_ssp585_2015soc-from-histsoc_default_tcb_global_monthly_2015_2100.nc,tcb_fished
2078,859667795527755,boats_ipsl-cm6a-lr_nobasd_ssp585_2015soc-from-histsoc_default_tcb_global_monthly_2015_2100.nc,tcb_fished
2079,855176381512180,boats_ipsl-cm6a-lr_nobasd_ssp585_2015soc-from-histsoc_default_tcb_global_monthly_2015_2100.nc,tcb_fished
2080,838916509790507,boats_ipsl-cm6a-lr_nobasd_ssp585_2015soc-from-histsoc_default_tcb_global_monthly_2015_2100.nc,tcb_fished
2081,827592170684957,boats_ipsl-cm6a-lr_nobasd_ssp585_2015soc-from-histsoc_default_tcb_global_monthly_2015_2100.nc,tcb_fished
2082,838034188808567,boats_ipsl-cm6a-lr_nobasd_ssp585_2015soc-from-histsoc_default_tcb_global_monthly_2015_2100.nc,tcb_fished
2083,850133297086129,boats_ipsl-cm6a-lr_nobasd_ssp585_2015soc-from-histsoc_default_tcb_global_monthly_2015_2100.nc,tcb_fished
2084,831830086570682,boats_ipsl-cm6a-lr_nobasd_ssp585_2015soc-from-histsoc_default_tcb_global_monthly_2015_2100.nc,tcb_fished
2085,840741078870502,boats_ipsl-cm6a-lr_nobasd_ssp585_2015soc-from-histsoc_default_tcb_global_monthly_2015_2100.nc,tcb_fished
2086,845318240128327,boats_ipsl-cm6a-lr_nobasd_ssp585_2015soc-from-histsoc_default_tcb_global_monthly_2015_2100.nc,tcb_fished
2087,832429473103086,boats_ipsl-cm6a-lr_nobasd_ssp585_2015soc-from-histsoc_default_tcb_global_monthly_2015_2100.nc,tcb_fished
2088,833707187621856,boats_ipsl-cm6a-lr_nobasd_ssp585_2015soc-from-histsoc_default_tcb_global_monthly_2015_2100.nc,tcb_fished
2089,832648519784484,boats_ipsl-cm6a-lr_nobasd_ssp585_2015soc-from-histsoc_default_tcb_global_monthly_2015_2100.nc,tcb_fished
2090,826839376050156,boats_ipsl-cm6a-lr_nobasd_ssp585_2015soc-from-histsoc_default_tcb_global_monthly_2015_2100.nc,tcb_fished
2091,829171171980620,boats_ipsl-cm6a-lr_nobasd_ssp585_2015soc-from-histsoc_default_tcb_global_monthly_2015_2100.nc,tcb_fished
2092,827426266504157,boats_ipsl-cm6a-lr_nobasd_ssp585_2015soc-from-histsoc_default_tcb_global_monthly_2015_2100.nc,tcb_fished
2093,843110079657944,boats_ipsl-cm6a-lr_nobasd_ssp585_2015soc-from-histsoc_default_tcb_global_monthly_2015_2100.nc,tcb_fished
2094,852784301801722,boats_ipsl-cm6a-lr_nobasd_ssp585_2015soc-from-histsoc_default_tcb_global_monthly_2015_2100.nc,tcb_fished
2095,848484339765238,boats_ipsl-cm6a-lr_nobasd_ssp585_2015soc-from-histsoc_default_tcb_global_monthly_2015_2100.nc,tcb_fished
2096,840267901899866,boats_ipsl-cm6a-lr_nobasd_ssp585_2015soc-from-histsoc_default_tcb_global_monthly_2015_2100.nc,tcb_fished
2097,853836627675955,boats_ipsl-cm6a-lr_nobasd_ssp585_2015soc-from-histsoc_default_tcb_global_monthly_2015_2100.nc,tcb_fished
2098,849275447455149,boats_ipsl-cm6a-lr_nobasd_ssp585_2015soc-from-histsoc_default_tcb_global_monthly_2015_2100.nc,tcb_fished
2099,832777224438445,boats_ipsl-cm6a-lr_nobasd_ssp585_2015soc-from-histsoc_default_tcb_global_monthly_2015_2100.nc,tcb_fished
2100,840822561310387,boats_ipsl-cm6a-lr_nobasd_ssp585_2015soc-from-histsoc_default_tcb_global_monthly_2015_2100.nc,tcb_fished
1950,12886858460413.2,boats_ipsl-cm6a-lr_nobasd_historical_histsoc_default_tc_global_monthly_1950_2014.nc,tc
1951,13483122466792.6,boats_ipsl-cm6a-lr_nobasd_historical_histsoc_default_tc_global_monthly_1950_2014.nc,tc
1952,14125046426548.4,boats_ipsl-cm6a-lr_nobasd_historical_histsoc_default_tc_global_monthly_1950_2014.nc,tc
1953,14858340446649.4,boats_ipsl-cm6a-lr_nobasd_historical_histsoc_default_tc_global_monthly_1950_2014.nc,tc
1954,15767250129969.7,boats_ipsl-cm6a-lr_nobasd_historical_histsoc_default_tc_global_monthly_1950_2014.nc,tc
1955,16721765704483.2,boats_ipsl-cm6a-lr_nobasd_historical_histsoc_default_tc_global_monthly_1950_2014.nc,tc
1956,17781934135535.9,boats_ipsl-cm6a-lr_nobasd_historical_histsoc_default_tc_global_monthly_1950_2014.nc,tc
1957,18954925124003.7,boats_ipsl-cm6a-lr_nobasd_historical_histsoc_default_tc_global_monthly_1950_2014.nc,tc
1958,20275815391147,boats_ipsl-cm6a-lr_nobasd_historical_histsoc_default_tc_global_monthly_1950_2014.nc,tc
1959,21858385113838.3,boats_ipsl-cm6a-lr_nobasd_historical_histsoc_default_tc_global_monthly_1950_2014.nc,tc
1960,23704574609611.4,boats_ipsl-cm6a-lr_nobasd_historical_histsoc_default_tc_global_monthly_1950_2014.nc,tc
1961,25855231942182.8,boats_ipsl-cm6a-lr_nobasd_historical_histsoc_default_tc_global_monthly_1950_2014.nc,tc
1962,27956659589491.8,boats_ipsl-cm6a-lr_nobasd_historical_histsoc_default_tc_global_monthly_1950_2014.nc,tc
1963,30453779325740.3,boats_ipsl-cm6a-lr_nobasd_historical_histsoc_default_tc_global_monthly_1950_2014.nc,tc
1964,33250640123469.6,boats_ipsl-cm6a-lr_nobasd_historical_histsoc_default_tc_global_monthly_1950_2014.nc,tc
1965,36225219275575.8,boats_ipsl-cm6a-lr_nobasd_historical_histsoc_default_tc_global_monthly_1950_2014.nc,tc
1966,39486724762491.2,boats_ipsl-cm6a-lr_nobasd_historical_histsoc_default_tc_global_monthly_1950_2014.nc,tc
1967,42759146501210.4,boats_ipsl-cm6a-lr_nobasd_historical_histsoc_default_tc_global_monthly_1950_2014.nc,tc
1968,46054950262399,boats_ipsl-cm6a-lr_nobasd_historical_histsoc_default_tc_global_monthly_1950_2014.nc,tc
1969,49550642459149.9,boats_ipsl-cm6a-lr_nobasd_historical_histsoc_default_tc_global_monthly_1950_2014.nc,tc
1970,53268611345381.8,boats_ipsl-cm6a-lr_nobasd_historical_histsoc_default_tc_global_monthly_1950_2014.nc,tc
1971,56886731061886.5,boats_ipsl-cm6a-lr_nobasd_historical_histsoc_default_tc_global_monthly_1950_2014.nc,tc
1972,60386629025217.5,boats_ipsl-cm6a-lr_nobasd_historical_histsoc_default_tc_global_monthly_1950_2014.nc,tc
1973,63867728329638.2,boats_ipsl-cm6a-lr_nobasd_historical_histsoc_default_tc_global_monthly_1950_2014.nc,tc
1974,67605438080843.5,boats_ipsl-cm6a-lr_nobasd_historical_histsoc_default_tc_global_monthly_1950_2014.nc,tc
1975,71010393621028.5,boats_ipsl-cm6a-lr_nobasd_historical_histsoc_default_tc_global_monthly_1950_2014.nc,tc
1976,74118140985193.4,boats_ipsl-cm6a-lr_nobasd_historical_histsoc_default_tc_global_monthly_1950_2014.nc,tc
1977,77374794980600,boats_ipsl-cm6a-lr_nobasd_historical_histsoc_default_tc_global_monthly_1950_2014.nc,tc
1978,80776998753174.5,boats_ipsl-cm6a-lr_nobasd_historical_histsoc_default_tc_global_monthly_1950_2014.nc,tc
1979,84090162030378.2,boats_ipsl-cm6a-lr_nobasd_historical_histsoc_default_tc_global_monthly_1950_2014.nc,tc
1980,86838915672378.6,boats_ipsl-cm6a-lr_nobasd_historical_histsoc_default_tc_global_monthly_1950_2014.nc,tc
1981,89419439309397.3,boats_ipsl-cm6a-lr_nobasd_historical_histsoc_default_tc_global_monthly_1950_2014.nc,tc
1982,92451821448348.6,boats_ipsl-cm6a-lr_nobasd_historical_histsoc_default_tc_global_monthly_1950_2014.nc,tc
1983,95356665944460,boats_ipsl-cm6a-lr_nobasd_historical_histsoc_default_tc_global_monthly_1950_2014.nc,tc
1984,98336933597315.6,boats_ipsl-cm6a-lr_nobasd_historical_histsoc_default_tc_global_monthly_1950_2014.nc,tc
1985,102078121421825,boats_ipsl-cm6a-lr_nobasd_historical_histsoc_default_tc_global_monthly_1950_2014.nc,tc
1986,105391246269246,boats_ipsl-cm6a-lr_nobasd_historical_histsoc_default_tc_global_monthly_1950_2014.nc,tc
1987,108140584795320,boats_ipsl-cm6a-lr_nobasd_historical_histsoc_default_tc_global_monthly_1950_2014.nc,tc
1988,111180343134835,boats_ipsl-cm6a-lr_nobasd_historical_histsoc_default_tc_global_monthly_1950_2014.nc,tc
1989,112257411784885,boats_ipsl-cm6a-lr_nobasd_historical_histsoc_default_tc_global_monthly_1950_2014.nc,tc
1990,115005878153070,boats_ipsl-cm6a-lr_nobasd_historical_histsoc_default_tc_global_monthly_1950_2014.nc,tc
1991,117827996951159,boats_ipsl-cm6a-lr_nobasd_historical_histsoc_default_tc_global_monthly_1950_2014.nc,tc
1992,120136836748551,boats_ipsl-cm6a-lr_nobasd_historical_histsoc_default_tc_global_monthly_1950_2014.nc,tc
1993,122518162441244,boats_ipsl-cm6a-lr_nobasd_historical_histsoc_default_tc_global_monthly_1950_2014.nc,tc
1994,124714548413450,boats_ipsl-cm6a-lr_nobasd_historical_histsoc_default_tc_global_monthly_1950_2014.nc,tc
1995,127183397711966,boats_ipsl-cm6a-lr_nobasd_historical_histsoc_default_tc_global_monthly_1950_2014.nc,tc
1996,129063928975514,boats_ipsl-cm6a-lr_nobasd_historical_histsoc_default_tc_global_monthly_1950_2014.nc,tc
1997,130335649255970,boats_ipsl-cm6a-lr_nobasd_historical_histsoc_default_tc_global_monthly_1950_2014.nc,tc
1998,132594021134202,boats_ipsl-cm6a-lr_nobasd_historical_histsoc_default_tc_global_monthly_1950_2014.nc,tc
1999,134282835553732,boats_ipsl-cm6a-lr_nobasd_historical_histsoc_default_tc_global_monthly_1950_2014.nc,tc
2000,134540805672888,boats_ipsl-cm6a-lr_nobasd_historical_histsoc_default_tc_global_monthly_1950_2014.nc,tc
2001,135762562125798,boats_ipsl-cm6a-lr_nobasd_historical_histsoc_default_tc_global_monthly_1950_2014.nc,tc
2002,137439533598834,boats_ipsl-cm6a-lr_nobasd_historical_histsoc_default_tc_global_monthly_1950_2014.nc,tc
2003,138642433322458,boats_ipsl-cm6a-lr_nobasd_historical_histsoc_default_tc_global_monthly_1950_2014.nc,tc
2004,140271384234496,boats_ipsl-cm6a-lr_nobasd_historical_histsoc_default_tc_global_monthly_1950_2014.nc,tc
2005,139281743563488,boats_ipsl-cm6a-lr_nobasd_historical_histsoc_default_tc_global_monthly_1950_2014.nc,tc
2006,137324414836829,boats_ipsl-cm6a-lr_nobasd_historical_histsoc_default_tc_global_monthly_1950_2014.nc,tc
2007,138138534545089,boats_ipsl-cm6a-lr_nobasd_historical_histsoc_default_tc_global_monthly_1950_2014.nc,tc
2008,139943043980924,boats_ipsl-cm6a-lr_nobasd_historical_histsoc_default_tc_global_monthly_1950_2014.nc,tc
2009,138460036769757,boats_ipsl-cm6a-lr_nobasd_historical_histsoc_default_tc_global_monthly_1950_2014.nc,tc
2010,135416361603505,boats_ipsl-cm6a-lr_nobasd_historical_histsoc_default_tc_global_monthly_1950_2014.nc,tc
2011,136331917551923,boats_ipsl-cm6a-lr_nobasd_historical_histsoc_default_tc_global_monthly_1950_2014.nc,tc
2012,137240270569187,boats_ipsl-cm6a-lr_nobasd_historical_histsoc_default_tc_global_monthly_1950_2014.nc,tc
2013,136474882524379,boats_ipsl-cm6a-lr_nobasd_historical_histsoc_default_tc_global_monthly_1950_2014.nc,tc
2014,138718390144769,boats_ipsl-cm6a-lr_nobasd_historical_histsoc_default_tc_global_monthly_1950_2014.nc,tc
2015,137313562797774,boats_ipsl-cm6a-lr_nobasd_ssp585_2015soc-from-histsoc_default_tc_global_monthly_2015_2100.nc,tc
2016,130277101650921,boats_ipsl-cm6a-lr_nobasd_ssp585_2015soc-from-histsoc_default_tc_global_monthly_2015_2100.nc,tc
2017,123485567504465,boats_ipsl-cm6a-lr_nobasd_ssp585_2015soc-from-histsoc_default_tc_global_monthly_2015_2100.nc,tc
2018,120310231675620,boats_ipsl-cm6a-lr_nobasd_ssp585_2015soc-from-histsoc_default_tc_global_monthly_2015_2100.nc,tc
2019,118844357305900,boats_ipsl-cm6a-lr_nobasd_ssp585_2015soc-from-histsoc_default_tc_global_monthly_2015_2100.nc,tc
2020,117362363106414,boats_ipsl-cm6a-lr_nobasd_ssp585_2015soc-from-histsoc_default_tc_global_monthly_2015_2100.nc,tc
2021,114770799051887,boats_ipsl-cm6a-lr_nobasd_ssp585_2015soc-from-histsoc_default_tc_global_monthly_2015_2100.nc,tc
2022,113542187236159,boats_ipsl-cm6a-lr_nobasd_ssp585_2015soc-from-histsoc_default_tc_global_monthly_2015_2100.nc,tc
2023,113735364770293,boats_ipsl-cm6a-lr_nobasd_ssp585_2015soc-from-histsoc_default_tc_global_monthly_2015_2100.nc,tc
2024,113206335514369,boats_ipsl-cm6a-lr_nobasd_ssp585_2015soc-from-histsoc_default_tc_global_monthly_2015_2100.nc,tc
2025,111173910436864,boats_ipsl-cm6a-lr_nobasd_ssp585_2015soc-from-histsoc_default_tc_global_monthly_2015_2100.nc,tc
2026,110622733224817,boats_ipsl-cm6a-lr_nobasd_ssp585_2015soc-from-histsoc_default_tc_global_monthly_2015_2100.nc,tc
2027,110436281064152,boats_ipsl-cm6a-lr_nobasd_ssp585_2015soc-from-histsoc_default_tc_global_monthly_2015_2100.nc,tc
2028,108840133624830,boats_ipsl-cm6a-lr_nobasd_ssp585_2015soc-from-histsoc_default_tc_global_monthly_2015_2100.nc,tc
2029,105608023954413,boats_ipsl-cm6a-lr_nobasd_ssp585_2015soc-from-histsoc_default_tc_global_monthly_2015_2100.nc,tc
2030,102574723624085,boats_ipsl-cm6a-lr_nobasd_ssp585_2015soc-from-histsoc_default_tc_global_monthly_2015_2100.nc,tc
2031,102675211275564,boats_ipsl-cm6a-lr_nobasd_ssp585_2015soc-from-histsoc_default_tc_global_monthly_2015_2100.nc,tc
2032,103461256932770,boats_ipsl-cm6a-lr_nobasd_ssp585_2015soc-from-histsoc_default_tc_global_monthly_2015_2100.nc,tc
2033,103917810932351,boats_ipsl-cm6a-lr_nobasd_ssp585_2015soc-from-histsoc_default_tc_global_monthly_2015_2100.nc,tc
2034,104127663870427,boats_ipsl-cm6a-lr_nobasd_ssp585_2015soc-from-histsoc_default_tc_global_monthly_2015_2100.nc,tc
2035,103964395635094,boats_ipsl-cm6a-lr_nobasd_ssp585_2015soc-from-histsoc_default_tc_global_monthly_2015_2100.nc,tc
2036,103645821039265,boats_ipsl-cm6a-lr_nobasd_ssp585_2015soc-from-histsoc_default_tc_global_monthly_2015_2100.nc,tc
2037,103565131656668,boats_ipsl-cm6a-lr_nobasd_ssp585_2015soc-from-histsoc_default_tc_global_monthly_2015_2100.nc,tc
2038,102165351014754,boats_ipsl-cm6a-lr_nobasd_ssp585_2015soc-from-histsoc_default_tc_global_monthly_2015_2100.nc,tc
2039,100548362506015,boats_ipsl-cm6a-lr_nobasd_ssp585_2015soc-from-histsoc_default_tc_global_monthly_2015_2100.nc,tc
2040,101175487363852,boats_ipsl-cm6a-lr_nobasd_ssp585_2015soc-from-histsoc_default_tc_global_monthly_2015_2100.nc,tc
2041,101141365764780,boats_ipsl-cm6a-lr_nobasd_ssp585_2015soc-from-histsoc_default_tc_global_monthly_2015_2100.nc,tc
2042,100774638518827,boats_ipsl-cm6a-lr_nobasd_ssp585_2015soc-from-histsoc_default_tc_global_monthly_2015_2100.nc,tc
2043,99082794106187.5,boats_ipsl-cm6a-lr_nobasd_ssp585_2015soc-from-histsoc_default_tc_global_monthly_2015_2100.nc,tc
2044,96569871437067.2,boats_ipsl-cm6a-lr_nobasd_ssp585_2015soc-from-histsoc_default_tc_global_monthly_2015_2100.nc,tc
2045,95911259083848.5,boats_ipsl-cm6a-lr_nobasd_ssp585_2015soc-from-histsoc_default_tc_global_monthly_2015_2100.nc,tc
2046,96943030689949.8,boats_ipsl-cm6a-lr_nobasd_ssp585_2015soc-from-histsoc_default_tc_global_monthly_2015_2100.nc,tc
2047,96536721999204.2,boats_ipsl-cm6a-lr_nobasd_ssp585_2015soc-from-histsoc_default_tc_global_monthly_2015_2100.nc,tc
2048,94798234283517,boats_ipsl-cm6a-lr_nobasd_ssp585_2015soc-from-histsoc_default_tc_global_monthly_2015_2100.nc,tc
2049,95708000538822.5,boats_ipsl-cm6a-lr_nobasd_ssp585_2015soc-from-histsoc_default_tc_global_monthly_2015_2100.nc,tc
2050,97585076444502.5,boats_ipsl-cm6a-lr_nobasd_ssp585_2015soc-from-histsoc_default_tc_global_monthly_2015_2100.nc,tc
2051,97451237561880.2,boats_ipsl-cm6a-lr_nobasd_ssp585_2015soc-from-histsoc_default_tc_global_monthly_2015_2100.nc,tc
2052,95627593588196,boats_ipsl-cm6a-lr_nobasd_ssp585_2015soc-from-histsoc_default_tc_global_monthly_2015_2100.nc,tc
2053,94759858093719.2,boats_ipsl-cm6a-lr_nobasd_ssp585_2015soc-from-histsoc_default_tc_global_monthly_2015_2100.nc,tc
2054,95258219209682,boats_ipsl-cm6a-lr_nobasd_ssp585_2015soc-from-histsoc_default_tc_global_monthly_2015_2100.nc,tc
2055,96226226785071.1,boats_ipsl-cm6a-lr_nobasd_ssp585_2015soc-from-histsoc_default_tc_global_monthly_2015_2100.nc,tc
2056,94908739155187,boats_ipsl-cm6a-lr_nobasd_ssp585_2015soc-from-histsoc_default_tc_global_monthly_2015_2100.nc,tc
2057,94413214210055.9,boats_ipsl-cm6a-lr_nobasd_ssp585_2015soc-from-histsoc_default_tc_global_monthly_2015_2100.nc,tc
2058,94838495006006.5,boats_ipsl-cm6a-lr_nobasd_ssp585_2015soc-from-histsoc_default_tc_global_monthly_2015_2100.nc,tc
2059,95616267435173,boats_ipsl-cm6a-lr_nobasd_ssp585_2015soc-from-histsoc_default_tc_global_monthly_2015_2100.nc,tc
2060,94685405232539.1,boats_ipsl-cm6a-lr_nobasd_ssp585_2015soc-from-histsoc_default_tc_global_monthly_2015_2100.nc,tc
2061,94989786235633.1,boats_ipsl-cm6a-lr_nobasd_ssp585_2015soc-from-histsoc_default_tc_global_monthly_2015_2100.nc,tc
2062,96584589411315,boats_ipsl-cm6a-lr_nobasd_ssp585_2015soc-from-histsoc_default_tc_global_monthly_2015_2100.nc,tc
2063,95619106748790.4,boats_ipsl-cm6a-lr_nobasd_ssp585_2015soc-from-histsoc_default_tc_global_monthly_2015_2100.nc,tc
2064,94145666102177.1,boats_ipsl-cm6a-lr_nobasd_ssp585_2015soc-from-histsoc_default_tc_global_monthly_2015_2100.nc,tc
2065,94692409053547.3,boats_ipsl-cm6a-lr_nobasd_ssp585_2015soc-from-histsoc_default_tc_global_monthly_2015_2100.nc,tc
2066,92955345324682.1,boats_ipsl-cm6a-lr_nobasd_ssp585_2015soc-from-histsoc_default_tc_global_monthly_2015_2100.nc,tc
2067,91128710388188.3,boats_ipsl-cm6a-lr_nobasd_ssp585_2015soc-from-histsoc_default_tc_global_monthly_2015_2100.nc,tc
2068,91990138727737.6,boats_ipsl-cm6a-lr_nobasd_ssp585_2015soc-from-histsoc_default_tc_global_monthly_2015_2100.nc,tc
2069,92148063027842,boats_ipsl-cm6a-lr_nobasd_ssp585_2015soc-from-histsoc_default_tc_global_monthly_2015_2100.nc,tc
2070,92819511242620.6,boats_ipsl-cm6a-lr_nobasd_ssp585_2015soc-from-histsoc_default_tc_global_monthly_2015_2100.nc,tc
2071,90858123553649,boats_ipsl-cm6a-lr_nobasd_ssp585_2015soc-from-histsoc_default_tc_global_monthly_2015_2100.nc,tc
2072,90875146569816.3,boats_ipsl-cm6a-lr_nobasd_ssp585_2015soc-from-histsoc_default_tc_global_monthly_2015_2100.nc,tc
2073,91848150166699.7,boats_ipsl-cm6a-lr_nobasd_ssp585_2015soc-from-histsoc_default_tc_global_monthly_2015_2100.nc,tc
2074,91715401572036.5,boats_ipsl-cm6a-lr_nobasd_ssp585_2015soc-from-histsoc_default_tc_global_monthly_2015_2100.nc,tc
2075,92539739167949.9,boats_ipsl-cm6a-lr_nobasd_ssp585_2015soc-from-histsoc_default_tc_global_monthly_2015_2100.nc,tc
2076,92313256268323.2,boats_ipsl-cm6a-lr_nobasd_ssp585_2015soc-from-histsoc_default_tc_global_monthly_2015_2100.nc,tc
2077,92445756558949.4,boats_ipsl-cm6a-lr_nobasd_ssp585_2015soc-from-histsoc_default_tc_global_monthly_2015_2100.nc,tc
2078,92020380997059.8,boats_ipsl-cm6a-lr_nobasd_ssp585_2015soc-from-histsoc_default_tc_global_monthly_2015_2100.nc,tc
2079,91420103707401.8,boats_ipsl-cm6a-lr_nobasd_ssp585_2015soc-from-histsoc_default_tc_global_monthly_2015_2100.nc,tc
2080,89421484710907,boats_ipsl-cm6a-lr_nobasd_ssp585_2015soc-from-histsoc_default_tc_global_monthly_2015_2100.nc,tc
2081,86976049535482,boats_ipsl-cm6a-lr_nobasd_ssp585_2015soc-from-histsoc_default_tc_global_monthly_2015_2100.nc,tc
2082,87360322617848.7,boats_ipsl-cm6a-lr_nobasd_ssp585_2015soc-from-histsoc_default_tc_global_monthly_2015_2100.nc,tc
2083,88464060137438.3,boats_ipsl-cm6a-lr_nobasd_ssp585_2015soc-from-histsoc_default_tc_global_monthly_2015_2100.nc,tc
2084,86345929677843.2,boats_ipsl-cm6a-lr_nobasd_ssp585_2015soc-from-histsoc_default_tc_global_monthly_2015_2100.nc,tc
2085,86944820333688.8,boats_ipsl-cm6a-lr_nobasd_ssp585_2015soc-from-histsoc_default_tc_global_monthly_2015_2100.nc,tc
2086,88368487515435.4,boats_ipsl-cm6a-lr_nobasd_ssp585_2015soc-from-histsoc_default_tc_global_monthly_2015_2100.nc,tc
2087,86369479876353.4,boats_ipsl-cm6a-lr_nobasd_ssp585_2015soc-from-histsoc_default_tc_global_monthly_2015_2100.nc,tc
2088,86585760045279.9,boats_ipsl-cm6a-lr_nobasd_ssp585_2015soc-from-histsoc_default_tc_global_monthly_2015_2100.nc,tc
2089,86570648916393.3,boats_ipsl-cm6a-lr_nobasd_ssp585_2015soc-from-histsoc_default_tc_global_monthly_2015_2100.nc,tc
2090,84917929086417.5,boats_ipsl-cm6a-lr_nobasd_ssp585_2015soc-from-histsoc_default_tc_global_monthly_2015_2100.nc,tc
2091,85311919303699.9,boats_ipsl-cm6a-lr_nobasd_ssp585_2015soc-from-histsoc_default_tc_global_monthly_2015_2100.nc,tc
2092,85695042739506.1,boats_ipsl-cm6a-lr_nobasd_ssp585_2015soc-from-histsoc_default_tc_global_monthly_2015_2100.nc,tc
2093,86583296627185.5,boats_ipsl-cm6a-lr_nobasd_ssp585_2015soc-from-histsoc_default_tc_global_monthly_2015_2100.nc,tc
2094,87907158211098.1,boats_ipsl-cm6a-lr_nobasd_ssp585_2015soc-from-histsoc_default_tc_global_monthly_2015_2100.nc,tc
2095,87618615131614.7,boats_ipsl-cm6a-lr_nobasd_ssp585_2015soc-from-histsoc_default_tc_global_monthly_2015_2100.nc,tc
2096,86358387975897.6,boats_ipsl-cm6a-lr_nobasd_ssp585_2015soc-from-histsoc_default_tc_global_monthly_2015_2100.nc,tc
2097,87740624802325.2,boats_ipsl-cm6a-lr_nobasd_ssp585_2015soc-from-histsoc_default_tc_global_monthly_2015_2100.nc,tc
2098,87997280627649.5,boats_ipsl-cm6a-lr_nobasd_ssp585_2015soc-from-histsoc_default_tc_global_monthly_2015_2100.nc,tc
2099,85230468756336.6,boats_ipsl-cm6a-lr_nobasd_ssp585_2015soc-from-histsoc_default_tc_global_monthly_2015_2100.nc,tc
2100,85966580280719.2,boats_ipsl-cm6a-lr_nobasd_ssp585_2015soc-from-histsoc_default_tc_global_monthly_2015_2100.nc,tc
