"","O_name_En_Website","Short_name_En_Website","Country_name","Continent_name","Continent_ID","ISO3_country","ISO3_territory","O_Name_En_Emmanuel","O_Name_En_Stefania","Romname_Emmanuel","Maplab_Emmanuel","Short_name_En_Website2"
"1",NA,NA,"","Asia","ASI","xPI","xPI","",NA,"Paracel Islands","",NA
"2",NA,NA,"","Asia","ASI","xSR","xSR","",NA,"Scarborough Reef","",NA
"3",NA,NA,"","Asia","ASI","xSI","xSI","",NA,"Spratly Islands","",NA
"4",NA,NA,"","Asia","ASI","xAC","xAC","",NA,"Aksai Chin","",NA
"5",NA,NA,"","Africa","AFR","xAB","xAB","",NA,"Abyei","Abyei",NA
"6",NA,NA,"","Asia","ASI","xJK","xJK","",NA,"Jammu and Kashmir","Jammu and Kashmir **",NA
"7",NA,NA,"Afghanistan","Asia","ASI","AFG","AFG","The Islamic Republic of Afghanistan",NA,"Afghanistan","Afghanistan",NA
"8","the Republic of Albania","Albania","Albania","Europe","EUR","ALB","ALB","the Republic of Albania","the Republic of Albania","Albania","Albania","Albania"
"9","the People's Democratic Republic of Algeria","Algeria","Algeria","Africa","AFR","DZA","DZA","the People's Democratic Republic of Algeria","the People's Democratic Republic of Algeria","Algeria","Algeria","Algeria"
"10","the Principality of Andorra","Andorra","Andorra","Europe","EUR","AND","AND","the Principality of Andorra","the Principality of Andorra","Andorra","Andorra","Andorra"
"11","the Republic of Angola","Angola","Angola","Africa","AFR","AGO","AGO","the Republic of Angola","the Republic of Angola","Angola","Angola","Angola"
"12","Antarctica","Antarctica","Antarctica others","--","--","ATA","ATA","Antarctica","Antarctica","Antarctica","Antarctica","Antarctica"
"13","Antigua and Barbuda","Antigua and Barbuda","Antigua and Barbuda","America","AME","ATG","ATG","Antigua and Barbuda","Antigua and Barbuda","Antigua and Barbuda","Antigua and Barbuda","Antigua and Barbuda"
"14","the Argentine Republic","Argentina","Argentina","America","AME","ARG","ARG","the Argentine Republic","the Argentine Republic","Argentina","Argentina","Argentina"
"15","the Republic of Armenia","Armenia","Armenia","Asia","ASI","ARM","ARM","the Republic of Armenia","the Republic of Armenia","Armenia","Armenia","Armenia"
"16","Australia","Australia","Australia","Oceania","OCE","AUS","AUS","Australia","Australia","Australia","Australia","Australia"
"17","Australia","Australia","Australia","Oceania","OCE","AUS","AUS","Australia","Australia","Ashmore and Cartier Islands","Ashmore & Cartier Is. (Aust.)","Australia"
"18","Christmas Island","Christmas Island","Australia","Oceania","OCE","AUS","CXR","Christmas Island","Christmas Island","Christmas Island","Christmas Is. (Aust.)","Christmas Island"
"19",NA,NA,"Australia","Oceania","OCE","AUS","NFK","Territory of Norfolk Island",NA,"Norfolk Island","Norfolk Island (Aust.)",NA
"20",NA,NA,"Australia","Africa","AFR","AUS","HMD","Heard Island and McDonald Island",NA,"Heard Island and McDonald Islands","Heard Is. & McDonald Is. (Aust.)",NA
"21",NA,NA,"Australia","Oceania","OCE","AUS","CCK","Cocos (Keeling) Islands",NA,"Cocos (Keeling) Islands","Cocos (Keeling) Is. (Aust.)",NA
"22","the Republic of Austria","Austria","Austria","Europe","EUR","AUT","AUT","the Republic of Austria","the Republic of Austria","Austria","Austria","Austria"
"23","the Republic of Azerbaijan","Azerbaijan","Azerbaijan","Asia","ASI","AZE","AZE","the Republic of Azerbaijan","the Republic of Azerbaijan","Azerbaijan","Azerbaijan","Azerbaijan"
"24","the Commonwealth of the Bahamas","Bahamas (the)","Bahamas","America","AME","BHS","BHS","the Commonwealth of the Bahamas","the Commonwealth of the Bahamas","Bahamas","Bahamas","Bahamas"
"25","the Kingdom of Bahrain","Bahrain","Bahrain","Asia","ASI","BHR","BHR","the Kingdom of Bahrain","the Kingdom of Bahrain","Bahrain","Bahrain","Bahrain"
"26","the People's Republic of Bangladesh","Bangladesh","Bangladesh","Asia","ASI","BGD","BGD","the People's Republic of Bangladesh","the People's Republic of Bangladesh","Bangladesh","Bangladesh","Bangladesh"
"27","Barbados","Barbados","Barbados","America","AME","BRB","BRB","Barbados","Barbados","Barbados","Barbados","Barbados"
"28","the Republic of Belarus","Belarus","Belarus","Europe","EUR","BLR","BLR","the Republic of Belarus","the Republic of Belarus","Belarus","Belarus","Belarus"
"29","the Kingdom of Belgium","Belgium","Belgium","Europe","EUR","BEL","BEL","the Kingdom of Belgium","the Kingdom of Belgium","Belgium","Belgium","Belgium"
"30","Belize","Belize","Belize","America","AME","BLZ","BLZ","Belize","Belize","Belize","Belize","Belize"
"31","the Republic of Benin","Benin","Benin","Africa","AFR","BEN","BEN","the Republic of Benin","the Republic of Benin","Benin","Benin","Benin"
"32","the Kingdom of Bhutan","Bhutan","Bhutan","Asia","ASI","BTN","BTN","the Kingdom of Bhutan","the Kingdom of Bhutan","Bhutan","Bhutan","Bhutan"
"33","the Plurinational State of Bolivia","Plurinational State of Bolivia (the)","Bolivia (Plurinat.State)","America","AME","BOL","BOL","the Plurinational State of Bolivia","the Plurinational State of Bolivia","Bolivia (Plurinational State of)","Bolivia (Plurinational State of)","Bolivia (Plurinational State of)"
"34","Bosnia and Herzegovina","Bosnia and Herzegovina","Bosnia and Herzegovina","Europe","EUR","BIH","BIH","Bosnia and Herzegovina","Bosnia and Herzegovina","Bosnia and Herzegovina","Bosnia and Herzegovina","Bosnia and Herzegovina"
"35","the Republic of Botswana","Botswana","Botswana","Africa","AFR","BWA","BWA","the Republic of Botswana","the Republic of Botswana","Botswana","Botswana","Botswana"
"36","the Federative Republic of Brazil","Brazil","Brazil","America","AME","BRA","BRA","the Federative Republic of Brazil","the Federative Republic of Brazil","Brazil","Brazil","Brazil"
"37","Brunei Darussalam","Brunei Darussalam","Brunei Darussalam","Asia","ASI","BRN","BRN","Brunei Darussalam","Brunei Darussalam","Brunei Darussalam","Brunei Darussalam","Brunei Darussalam"
"38","the Republic of Bulgaria","Bulgaria","Bulgaria","Europe","EUR","BGR","BGR","the Republic of Bulgaria","the Republic of Bulgaria","Bulgaria","Bulgaria","Bulgaria"
"39","Burkina Faso","Burkina Faso","Burkina Faso","Africa","AFR","BFA","BFA","Burkina Faso","Burkina Faso","Burkina Faso","Burkina Faso","Burkina Faso"
"40","the Republic of Burundi","Burundi","Burundi","Africa","AFR","BDI","BDI","the Republic of Burundi","the Republic of Burundi","Burundi","Burundi","Burundi"
"41",NA,NA,"Cabo Verde","Africa","AFR","CPV","CPV","Republic of Cabo Verde",NA,"Cabo Verde","Cape Verde",NA
"42","the Kingdom of Cambodia","Cambodia","Cambodia","Asia","ASI","KHM","KHM","the Kingdom of Cambodia","the Kingdom of Cambodia","Cambodia","Cambodia","Cambodia"
"43","the Republic of Cameroon","Cameroon","Cameroon","Africa","AFR","CMR","CMR","the Republic of Cameroon","the Republic of Cameroon","Cameroon","Cameroon","Cameroon"
"44","Canada","Canada","Canada","America","AME","CAN","CAN","Canada","Canada","Canada","Canada","Canada"
"45","the Central African Republic","Central African Republic (the)","Central African Republic","Africa","AFR","CAF","CAF","the Central African Republic","the Central African Republic","Central African Republic","Central African Republic","Central African Republic"
"46","the Republic of Chad","Chad","Chad","Africa","AFR","TCD","TCD","the Republic of Chad","the Republic of Chad","Chad","Chad","Chad"
"47","the Republic of Chile","Chile","Chile","America","AME","CHL","CHL","the Republic of Chile","the Republic of Chile","Chile","Chile","Chile"
"48","China, Hong Kong Special Administrative Region","China, Hong Kong SAR","China","Asia","ASI","CHN","HKG","China, Hong Kong Special Administrative Region","China, Hong Kong Special Administrative Region","Hong Kong","Hong Kong, China","China, Hong Kong SAR"
"49","Taiwan Province of China","Taiwan Province of China","China","Asia","ASI","CHN","TWN","Taiwan Province of China","Taiwan Province of China","Taiwan","Taiwan","Taiwan Province of China"
"50","the People's Republic of China","China","China","Asia","ASI","CHN","CHN","the People's Republic of China","the People's Republic of China","China","China","China"
"51",NA,NA,"China","Asia","ASI","CHN","MAC","China, Macao SAR",NA,"Macao","Macao, China",NA
"52","the Republic of Colombia","Colombia","Colombia","America","AME","COL","COL","the Republic of Colombia","the Republic of Colombia","Colombia","Colombia","Colombia"
"53","the Union of the Comoros","Comoros (the)","Comoros","Africa","AFR","COM","COM","the Union of the Comoros","the Union of the Comoros","Comoros","Comoros","Comoros"
"54","the Republic of the Congo","Congo (the)","Congo","Africa","AFR","COG","COG","the Republic of the Congo","the Republic of the Congo","Congo","Congo","Congo"
"55","the Democratic Republic of the Congo","Democratic Republic of the Congo (the)","Congo, Dem. Rep. of the","Africa","AFR","COD","COD","the Democratic Republic of the Congo","the Democratic Republic of the Congo","Democratic Republic of the Congo","Democratic Republic of the Congo","Democratic Republic of the Congo"
"56","the Republic of Costa Rica","Costa Rica","Costa Rica","America","AME","CRI","CRI","the Republic of Costa Rica","the Republic of Costa Rica","Costa Rica","Costa Rica","Costa Rica"
"57",NA,NA,"Cote dIvoire","Africa","AFR","CIV","CIV","the Republic of CÔøΩte d'Ivoire",NA,"Cote dIvoire","CÔøΩte d'Ivoire",NA
"58","the Republic of Croatia","Croatia","Croatia","Europe","EUR","HRV","HRV","the Republic of Croatia","the Republic of Croatia","Croatia","Croatia","Croatia"
"59","the Republic of Cuba","Cuba","Cuba","America","AME","CUB","CUB","the Republic of Cuba","the Republic of Cuba","Cuba","Cuba","Cuba"
"60","the Republic of Cyprus","Cyprus","Cyprus","Europe","EUR","CYP","CYP","the Republic of Cyprus","the Republic of Cyprus","Cyprus","Cyprus","Cyprus"
"61","the Czech Republic","Czechia","Czechia","Europe","EUR","CZE","CZE","the Czech Republic","the Czech Republic","Czechia","Czechia","Czechia"
"62","Greenland","Greenland","Denmark","--","--","DNK","GRL","Greenland","Greenland","Greenland","Greenland (Denmark)","Greenland"
"63","the Kingdom of Denmark","Denmark","Denmark","Europe","EUR","DNK","DNK","the Kingdom of Denmark","the Kingdom of Denmark","Denmark","Denmark","Denmark"
"64",NA,NA,"Denmark","Europe","EUR","DNK","FRO","Faroe Islands",NA,"Faroe Islands","Faroe Islands (Denmark)",NA
"65","the Republic of Djibouti","Djibouti","Djibouti","Africa","AFR","DJI","DJI","the Republic of Djibouti","the Republic of Djibouti","Djibouti","Djibouti","Djibouti"
"66","the Commonwealth of Dominica","Dominica","Dominica","America","AME","DMA","DMA","the Commonwealth of Dominica","the Commonwealth of Dominica","Dominica","Dominica","Dominica"
"67","the Dominican Republic","Dominican Republic (the)","Dominican Republic","America","AME","DOM","DOM","the Dominican Republic","the Dominican Republic","Dominican Republic","Dominican Republic","Dominican Republic"
"68","the Republic of Ecuador","Ecuador","Ecuador","America","AME","ECU","ECU","the Republic of Ecuador","the Republic of Ecuador","Ecuador","Ecuador","Ecuador"
"69","the Arab Republic of Egypt","Egypt","Egypt","Africa","AFR","EGY","EGY","the Arab Republic of Egypt","the Arab Republic of Egypt","Bir Tawil","","Egypt"
"70","the Arab Republic of Egypt","Egypt","Egypt","Africa","AFR","EGY","EGY","the Arab Republic of Egypt","the Arab Republic of Egypt","Egypt","Egypt","Egypt"
"71","the Republic of El Salvador","El Salvador","El Salvador","America","AME","SLV","SLV","the Republic of El Salvador","the Republic of El Salvador","El Salvador","El Salvador","El Salvador"
"72","the Republic of Equatorial Guinea","Equatorial Guinea","Equatorial Guinea","Africa","AFR","GNQ","GNQ","the Republic of Equatorial Guinea","the Republic of Equatorial Guinea","Equatorial Guinea","Equatorial Guinea","Equatorial Guinea"
"73","the State of Eritrea","Eritrea","Eritrea","Africa","AFR","ERI","ERI","the State of Eritrea","the State of Eritrea","Eritrea","Eritrea","Eritrea"
"74","the Republic of Estonia","Estonia","Estonia","Europe","EUR","EST","EST","the Republic of Estonia","the Republic of Estonia","Estonia","Estonia","Estonia"
"75","the Kingdom of Eswatini","Eswatini","Eswatini","Africa","AFR","SWZ","SWZ","the Kingdom of Eswatini","the Kingdom of Eswatini","Eswatini","Eswatini","Eswatini"
"76","the Federal Democratic Republic of Ethiopia","Ethiopia","Ethiopia","Africa","AFR","ETH","ETH","the Federal Democratic Republic of Ethiopia","the Federal Democratic Republic of Ethiopia","Ethiopia","Ethiopia","Ethiopia"
"77","the Republic of Fiji","Fiji","Fiji","Oceania","OCE","FJI","FJI","the Republic of Fiji","the Republic of Fiji","Fiji","Fiji","Fiji"
"78","the Republic of Finland","Finland","Finland","Europe","EUR","FIN","FIN","the Republic of Finland","the Republic of Finland","Finland","Finland","Finland"
"79",NA,NA,"Finland","Europe","EUR","FIN","ALA","ÔøΩland Islands",NA,"0land Islands","ÔøΩland Islands",NA
"80","French Guiana","French Guiana","France","America","AME","FRA","GUF","French Guiana","French Guiana","French Guiana","French Guiana (Fr.)","French Guiana"
"81","French Polynesia","French Polynesia","France","Oceania","OCE","FRA","PYF","French Polynesia","French Polynesia","Clipperton Island","Clipperton Island","French Polynesia"
"82","French Polynesia","French Polynesia","France","Oceania","OCE","FRA","PYF","French Polynesia","French Polynesia","French Polynesia","French Polynesia *","French Polynesia"
"83","Guadeloupe","Guadeloupe","France","America","AME","FRA","GLP","Guadeloupe","Guadeloupe","Guadeloupe","Guadeloupe (Fr.)","Guadeloupe"
"84","Martinique","Martinique","France","America","AME","FRA","MTQ","Martinique","Martinique","Martinique","Martinique (Fr.)","Martinique"
"85","Mayotte","Mayotte","France","Africa","AFR","FRA","MYT","Mayotte","Mayotte","Mayotte","Mayotte","Mayotte"
"86","New Caledonia","New Caledonia","France","Oceania","OCE","FRA","NCL","New Caledonia","New Caledonia","New Caledonia","New Caledonia *","New Caledonia"
"87","Saint Pierre and Miquelon","Saint Pierre and Miquelon","France","America","AME","FRA","SPM","Saint Pierre and Miquelon","Saint Pierre and Miquelon","Saint Pierre et Miquelon","Saint Pierre et Miquelon (Fr.)","Saint Pierre and Miquelon"
"88","the French Republic","France","France","Europe","EUR","FRA","FRA","the French Republic","the French Republic","France","France","France"
"89",NA,NA,"France","Africa","AFR","FRA","ATF","French Southern and Antarctic Territories",NA,"Bassas da India","Bassas da India (Fr.)",NA
"90",NA,NA,"France","Oceania","OCE","FRA","WLF","Wallis and Futuna Islands",NA,"Wallis and Futuna","",NA
"91",NA,NA,"France","Africa","AFR","FRA","ATF","French Southern and Antarctic Territories",NA,"French Southern Territories","French Southern Territories (Fr.)",NA
"92",NA,NA,"France","Africa","AFR","FRA","REU","RÔøΩunion",NA,"Reunion","RÔøΩunion (Fr.)",NA
"93",NA,NA,"France","America","AME","FRA","MAF","Saint-Martin (French Part)",NA,"Saint Martin","Saint Martin (Fr.)",NA
"94",NA,NA,"France","America","AME","FRA","BLM","Saint BarthÔøΩlemy",NA,"Saint Barthelemy","Saint BarthÔøΩlemy (Fr.)",NA
"95","the Gabonese Republic","Gabon","Gabon","Africa","AFR","GAB","GAB","the Gabonese Republic","the Gabonese Republic","Gabon","Gabon","Gabon"
"96","the Republic of the Gambia","Gambia (the)","Gambia","Africa","AFR","GMB","GMB","the Republic of the Gambia","the Republic of the Gambia","Gambia","Gambia","Gambia"
"97","Georgia","Georgia","Georgia","Europe","EUR","GEO","GEO","Georgia","Georgia","Georgia","Georgia","Georgia"
"98","the Federal Republic of Germany","Germany","Germany","Europe","EUR","DEU","DEU","the Federal Republic of Germany","the Federal Republic of Germany","Germany","Germany","Germany"
"99","the Republic of Ghana","Ghana","Ghana","Africa","AFR","GHA","GHA","the Republic of Ghana","the Republic of Ghana","Ghana","Ghana","Ghana"
"100","the Hellenic Republic","Greece","Greece","Europe","EUR","GRC","GRC","the Hellenic Republic","the Hellenic Republic","Greece","Greece","Greece"
"101","Grenada","Grenada","Grenada","America","AME","GRD","GRD","Grenada","Grenada","Grenada","Grenada","Grenada"
"102","the Republic of Guatemala","Guatemala","Guatemala","America","AME","GTM","GTM","the Republic of Guatemala","the Republic of Guatemala","Guatemala","Guatemala","Guatemala"
"103","the Republic of Guinea","Guinea","Guinea","Africa","AFR","GIN","GIN","the Republic of Guinea","the Republic of Guinea","Guinea","Guinea","Guinea"
"104","the Republic of Guinea-Bissau","Guinea-Bissau","Guinea-Bissau","Africa","AFR","GNB","GNB","the Republic of Guinea-Bissau","the Republic of Guinea-Bissau","Guinea-Bissau","Guinea-Bissau","Guinea-Bissau"
"105","the Co-operative Republic of Guyana","Guyana","Guyana","America","AME","GUY","GUY","the Co-operative Republic of Guyana","the Co-operative Republic of Guyana","Guyana","Guyana","Guyana"
"106","the Republic of Haiti","Haiti","Haiti","America","AME","HTI","HTI","the Republic of Haiti","the Republic of Haiti","Haiti","Haiti","Haiti"
"107",NA,NA,"Holy See","Europe","EUR","VAT","VAT","Holy See",NA,"Holy See","Holy See",NA
"108","the Republic of Honduras","Honduras","Honduras","America","AME","HND","HND","the Republic of Honduras","the Republic of Honduras","Honduras","Honduras","Honduras"
"109","Hungary","Hungary","Hungary","Europe","EUR","HUN","HUN","Hungary","Hungary","Hungary","Hungary","Hungary"
"110",NA,NA,"Iceland","Europe","EUR","ISL","ISL","the Republic of Iceland",NA,"Iceland","Iceland",NA
"111","the Republic of India","India","India","Asia","ASI","IND","IND","the Republic of India","the Republic of India","India","India","India"
"112",NA,NA,"India","Asia","ASI","IND","xAP","",NA,"Arunachal Pradesh","",NA
"113","the Republic of Indonesia","Indonesia","Indonesia","Asia","ASI","IDN","IDN","the Republic of Indonesia","the Republic of Indonesia","Indonesia","Indonesia","Indonesia"
"114","the Islamic Republic of Iran","Islamic Republic of Iran (the)","Iran (Islamic Rep. of)","Asia","ASI","IRN","IRN","the Islamic Republic of Iran","the Islamic Republic of Iran","Iran (Islamic Republic of)","Iran (Islamic Republic of)","Iran (Islamic Republic of)"
"115","the Republic of Iraq","Iraq","Iraq","Asia","ASI","IRQ","IRQ","the Republic of Iraq","the Republic of Iraq","Iraq","Iraq","Iraq"
"116","Ireland","Ireland","Ireland","Europe","EUR","IRL","IRL","Ireland","Ireland","Ireland","Ireland","Ireland"
"117","the State of Israel","Israel","Israel","Asia","ASI","ISR","ISR","the State of Israel","the State of Israel","Israel","Israel","Israel"
"118","the Republic of Italy","Italy","Italy","Europe","EUR","ITA","ITA","the Republic of Italy","the Republic of Italy","Italy","Italy","Italy"
"119","Jamaica","Jamaica","Jamaica","America","AME","JAM","JAM","Jamaica","Jamaica","Jamaica","Jamaica","Jamaica"
"120","Japan","Japan","Japan","Asia","ASI","JPN","JPN","Japan","Japan","Japan","Japan","Japan"
"121",NA,NA,"Japan","Asia","ASI","JPN","xSK","",NA,"Senkaku Islands","",NA
"122","the Hashemite Kingdom of Jordan","Jordan","Jordan","Asia","ASI","JOR","JOR","the Hashemite Kingdom of Jordan","the Hashemite Kingdom of Jordan","Jordan","Jordan","Jordan"
"123","the Republic of Kazakhstan","Kazakhstan","Kazakhstan","Asia","ASI","KAZ","KAZ","the Republic of Kazakhstan","the Republic of Kazakhstan","Kazakhstan","Kazakhstan","Kazakhstan"
"124","the Republic of Kenya","Kenya","Kenya","Africa","AFR","KEN","KEN","the Republic of Kenya","the Republic of Kenya","Kenya","Kenya","Kenya"
"125","the Republic of Kiribati","Kiribati","Kiribati","Oceania","OCE","KIR","KIR","the Republic of Kiribati","the Republic of Kiribati","Kiribati","Kiribati","Kiribati"
"126","the Democratic People's Republic of Korea","Democratic People's Republic of Korea (the)","Korea, Dem. People's Rep","Asia","ASI","PRK","PRK","the Democratic People's Republic of Korea","the Democratic People's Republic of Korea","Democratic People's Republic of Korea","Democratic People's Republic of Korea","Democratic People's Republic of Korea"
"127","the Republic of Korea","Republic of Korea (the)","Korea, Republic of","Asia","ASI","KOR","KOR","the Republic of Korea","the Republic of Korea","Republic of Korea","Republic of Korea","Republic of Korea"
"128","the State of Kuwait","Kuwait","Kuwait","Asia","ASI","KWT","KWT","the State of Kuwait","the State of Kuwait","Kuwait","Kuwait","Kuwait"
"129","the Kyrgyz Republic","Kyrgyzstan","Kyrgyzstan","Asia","ASI","KGZ","KGZ","the Kyrgyz Republic","the Kyrgyz Republic","Kyrgyzstan","Kyrgyzstan","Kyrgyzstan"
"130","the Lao People's Democratic Republic","Lao People's Democratic Republic (the)","Lao People's Dem. Rep.","Asia","ASI","LAO","LAO","the Lao People's Democratic Republic","the Lao People's Democratic Republic","Lao People's Democratic Republic","Lao People's Democratic Republic","Lao People's Democratic Republic"
"131","the Republic of Latvia","Latvia","Latvia","Europe","EUR","LVA","LVA","the Republic of Latvia","the Republic of Latvia","Latvia","Latvia","Latvia"
"132","the Lebanese Republic","Lebanon","Lebanon","Asia","ASI","LBN","LBN","the Lebanese Republic","the Lebanese Republic","Lebanon","Lebanon","Lebanon"
"133","the Kingdom of Lesotho","Lesotho","Lesotho","Africa","AFR","LSO","LSO","the Kingdom of Lesotho","the Kingdom of Lesotho","Lesotho","Lesotho","Lesotho"
"134","the Republic of Liberia","Liberia","Liberia","Africa","AFR","LBR","LBR","the Republic of Liberia","the Republic of Liberia","Liberia","Liberia","Liberia"
"135",NA,NA,"Libya","Africa","AFR","LBY","LBY","State of Libya",NA,"Libya","Libya",NA
"136","the Principality of Liechtenstein","Liechtenstein","Liechtenstein","Europe","EUR","LIE","LIE","the Principality of Liechtenstein","the Principality of Liechtenstein","Liechtenstein","Liechtenstein","Liechtenstein"
"137","the Republic of Lithuania","Lithuania","Lithuania","Europe","EUR","LTU","LTU","the Republic of Lithuania","the Republic of Lithuania","Lithuania","Lithuania","Lithuania"
"138","the Grand Duchy of Luxembourg","Luxembourg","Luxembourg","Europe","EUR","LUX","LUX","the Grand Duchy of Luxembourg","the Grand Duchy of Luxembourg","Luxembourg","Luxembourg","Luxembourg"
"139","the Republic of Madagascar","Madagascar","Madagascar","Africa","AFR","MDG","MDG","the Republic of Madagascar","the Republic of Madagascar","Madagascar","Madagascar","Madagascar"
"140","the Republic of Malawi","Malawi","Malawi","Africa","AFR","MWI","MWI","the Republic of Malawi","the Republic of Malawi","Malawi","Malawi","Malawi"
"141","Malaysia","Malaysia","Malaysia","Asia","ASI","MYS","MYS","Malaysia","Malaysia","Malaysia","Malaysia","Malaysia"
"142","the Republic of Maldives","Maldives","Maldives","Asia","ASI","MDV","MDV","the Republic of Maldives","the Republic of Maldives","Maldives","Maldives","Maldives"
"143","the Republic of Mali","Mali","Mali","Africa","AFR","MLI","MLI","the Republic of Mali","the Republic of Mali","Mali","Mali","Mali"
"144","the Republic of Malta","Malta","Malta","Europe","EUR","MLT","MLT","the Republic of Malta","the Republic of Malta","Malta","Malta","Malta"
"145","the Republic of the Marshall Islands","Marshall Islands (the)","Marshall Islands","Oceania","OCE","MHL","MHL","the Republic of the Marshall Islands","the Republic of the Marshall Islands","Marshall Islands","Marshall Islands","Marshall Islands"
"146","the Islamic Republic of Mauritania","Mauritania","Mauritania","Africa","AFR","MRT","MRT","the Islamic Republic of Mauritania","the Islamic Republic of Mauritania","Mauritania","Mauritania","Mauritania"
"147","the Republic of Mauritius","Mauritius","Mauritius","Africa","AFR","MUS","MUS","the Republic of Mauritius","the Republic of Mauritius","Mauritius","Mauritius","Mauritius"
"148","the Republic of Mauritius","Mauritius","Mauritius","Asia","ASI","MUS","MUS","the Republic of Mauritius","the Republic of Mauritius","Chagos Archipelago","Chagos Archipelago (Mauritius)","Mauritius"
"149","the United Mexican States","Mexico","Mexico","America","AME","MEX","MEX","the United Mexican States","the United Mexican States","Mexico","Mexico","Mexico"
"150","the Federated States of Micronesia","Federated States of Micronesia (the)","Micronesia, Fed.States of","Oceania","OCE","FSM","FSM","the Federated States of Micronesia","the Federated States of Micronesia","Micronesia (Federated States of)","Micronesia (Federated States of)","Micronesia (Federated States of)"
"151","the Republic of Moldova","Republic of Moldova (the)","Moldova, Republic of","Europe","EUR","MDA","MDA","the Republic of Moldova","the Republic of Moldova","Moldova","Moldova","Republic of Moldova"
"152","the Principality of Monaco","Monaco","Monaco","Europe","EUR","MCO","MCO","the Principality of Monaco","the Principality of Monaco","Monaco","Monaco","Monaco"
"153","Mongolia","Mongolia","Mongolia","Asia","ASI","MNG","MNG","Mongolia","Mongolia","Mongolia","Mongolia","Mongolia"
"154","Montenegro","Montenegro","Montenegro","Europe","EUR","MNE","MNE","Montenegro","Montenegro","Montenegro","Montenegro","Montenegro"
"155","the Kingdom of Morocco","Morocco","Morocco","Africa","AFR","MAR","MAR","the Kingdom of Morocco","the Kingdom of Morocco","Morocco","Morocco","Morocco"
"156","the Republic of Mozambique","Mozambique","Mozambique","Africa","AFR","MOZ","MOZ","the Republic of Mozambique","the Republic of Mozambique","Mozambique","Mozambique","Mozambique"
"157","the Republic of the Union of Myanmar","Myanmar","Myanmar","Asia","ASI","MMR","MMR","the Republic of the Union of Myanmar","the Republic of the Union of Myanmar","Myanmar","Myanmar","Myanmar"
"158","the Republic of Namibia","Namibia","Namibia","Africa","AFR","NAM","NAM","the Republic of Namibia","the Republic of Namibia","Namibia","Namibia","Namibia"
"159","the Republic of Nauru","Nauru","Nauru","Oceania","OCE","NRU","NRU","the Republic of Nauru","the Republic of Nauru","Nauru","Nauru","Nauru"
"160",NA,NA,"Nepal","Asia","ASI","NPL","NPL","Federal Democratic Republic of Nepal",NA,"Nepal","Nepal",NA
"161","Aruba","Aruba","Netherlands","America","AME","NLD","ABW","Aruba","Aruba","Aruba","Aruba (Neth.)","Aruba"
"162","Bonaire, Sint Eustatius and Saba","Bonaire, Sint Eustatius and Saba","Netherlands","America","AME","NLD","BES","Bonaire, Sint Eustatius and Saba","Bonaire, Sint Eustatius and Saba","Saba","Saba (Neth.)","Bonaire, Sint Eustatius and Saba"
"163","Bonaire, Sint Eustatius and Saba","Bonaire, Sint Eustatius and Saba","Netherlands","America","AME","NLD","BES","Bonaire, Sint Eustatius and Saba","Bonaire, Sint Eustatius and Saba","Sint Eustatius","Sint Eustatius (Neth.)","Bonaire, Sint Eustatius and Saba"
"164","Bonaire, Sint Eustatius and Saba","Bonaire, Sint Eustatius and Saba","Netherlands","America","AME","NLD","BES","Bonaire, Sint Eustatius and Saba","Bonaire, Sint Eustatius and Saba","Bonaire","Bonaire (Neth.)","Bonaire, Sint Eustatius and Saba"
"165","the Kingdom of the Netherlands","Kingdom of the Netherlands (the)","Netherlands","Europe","EUR","NLD","NLD","the Kingdom of the Netherlands","the Kingdom of the Netherlands","Netherlands","Netherlands","Netherlands (Kingdom of the)"
"166",NA,NA,"Netherlands","Europe","EUR","NLD","CUW","CuraÔøΩao",NA,"Curacao","CuraÔøΩao (Neth.)",NA
"167",NA,NA,"Netherlands","Europe","EUR","NLD","SXM","Sint Maarten (Dutch Part)",NA,"Sint Maarten","Sint Maarten (Neth.)",NA
"168","New Zealand","New Zealand","New Zealand","Oceania","OCE","NZL","NZL","New Zealand","New Zealand","New Zealand","New Zealand","New Zealand"
"169","Tokelau","Tokelau","New Zealand","Oceania","OCE","NZL","TKL","Tokelau","Tokelau","Tokelau","Tokelau *","Tokelau"
"170","the Cook Islands","Cook Islands (the)","New Zealand","Oceania","OCE","NZL","COK","the Cook Islands","the Cook Islands","Cook Islands","Cook Islands","Cook Islands"
"171",NA,NA,"New Zealand","Oceania","OCE","NZL","NIU","the Republic of Niue",NA,"Niue","Niue",NA
"172","the Republic of Nicaragua","Nicaragua","Nicaragua","America","AME","NIC","NIC","the Republic of Nicaragua","the Republic of Nicaragua","Nicaragua","Nicaragua","Nicaragua"
"173","the Republic of the Niger","Niger (the)","Niger","Africa","AFR","NER","NER","the Republic of the Niger","the Republic of the Niger","Niger","Niger","Niger"
"174","the Federal Republic of Nigeria","Nigeria","Nigeria","Africa","AFR","NGA","NGA","the Federal Republic of Nigeria","the Federal Republic of Nigeria","Nigeria","Nigeria","Nigeria"
"175","the Republic of North Macedonia","North Macedonia","North Macedonia","Europe","EUR","MKD","MKD","the Republic of North Macedonia","the Republic of North Macedonia","North Macedonia","North Macedonia","North Macedonia"
"176","Bouvet Island","Bouvet Island","Norway","Africa","AFR","NOR","BVT","Bouvet Island","Bouvet Island","Bouvet Island","Bouvet Island","Bouvet Island"
"177","the Kingdom of Norway","Norway","Norway","Europe","EUR","NOR","NOR","the Kingdom of Norway","the Kingdom of Norway","Norway","Norway","Norway"
"178",NA,NA,"Norway","Europe","EUR","NOR","SJM","Svalbard and Jan Mayen Islands",NA,"Svalbard and Jan Mayen Islands","Svalbard & Jan Mayen Is. (Norw.)",NA
"179","the Sultanate of Oman","Oman","Oman","Asia","ASI","OMN","OMN","the Sultanate of Oman","the Sultanate of Oman","Oman","Oman","Oman"
"180","the Islamic Republic of Pakistan","Pakistan","Pakistan","Asia","ASI","PAK","PAK","the Islamic Republic of Pakistan","the Islamic Republic of Pakistan","Pakistan","Pakistan","Pakistan"
"181","the Republic of Palau","Palau","Palau","Oceania","OCE","PLW","PLW","the Republic of Palau","the Republic of Palau","Palau","Palau","Palau"
"182","Palestine","Palestine","Palestine","Asia","ASI","PSE","PSE","Palestine","Palestine","Gaza","Gaza","Palestine"
"183","Palestine","Palestine","Palestine","Asia","ASI","PSE","PSE","Palestine","Palestine","West Bank","West Bank","Palestine"
"184","the Republic of Panama","Panama","Panama","America","AME","PAN","PAN","the Republic of Panama","the Republic of Panama","Panama","Panama","Panama"
"185",NA,NA,"Papua New Guinea","Oceania","OCE","PNG","PNG","Independent State of Papua New Guinea",NA,"Papua New Guinea","Papua New Guinea",NA
"186","the Republic of Paraguay","Paraguay","Paraguay","America","AME","PRY","PRY","the Republic of Paraguay","the Republic of Paraguay","Paraguay","Paraguay","Paraguay"
"187","the Republic of Peru","Peru","Peru","America","AME","PER","PER","the Republic of Peru","the Republic of Peru","Peru","Peru","Peru"
"188","the Republic of the Philippines","Philippines (the)","Philippines","Asia","ASI","PHL","PHL","the Republic of the Philippines","the Republic of the Philippines","Philippines","Philippines","Philippines"
"189","the Republic of Poland","Poland","Poland","Europe","EUR","POL","POL","the Republic of Poland","the Republic of Poland","Poland","Poland","Poland"
"190","the Portuguese Republic","Portugal","Portugal","Europe","EUR","PRT","PRT","the Portuguese Republic","the Portuguese Republic","Portugal","Portugal","Portugal"
"191","the Portuguese Republic","Portugal","Portugal","Europe","EUR","PRT","PRT","the Portuguese Republic","the Portuguese Republic","Azores Islands","Azores Islands (Port.)","Portugal"
"192","the Portuguese Republic","Portugal","Portugal","Europe","EUR","PRT","PRT","the Portuguese Republic","the Portuguese Republic","Madeira Island","Madeira Islands (Port.)","Portugal"
"193","the State of Qatar","Qatar","Qatar","Asia","ASI","QAT","QAT","the State of Qatar","the State of Qatar","Qatar","Qatar","Qatar"
"194","Romania","Romania","Romania","Europe","EUR","ROU","ROU","Romania","Romania","Romania","Romania","Romania"
"195","the Russian Federation","Russian Federation (the)","Russian Federation","Europe","EUR","RUS","RUS","the Russian Federation","the Russian Federation","Russian Federation","Russian Federation","Russian Federation"
"196",NA,NA,"Russian Federation","Asia","ASI","RUS","xRI","",NA,"","",NA
"197","the Republic of Rwanda","Rwanda","Rwanda","Africa","AFR","RWA","RWA","the Republic of Rwanda","the Republic of Rwanda","Rwanda","Rwanda","Rwanda"
"198","Saint Kitts and Nevis","Saint Kitts and Nevis","Saint Kitts and Nevis","America","AME","KNA","KNA","Saint Kitts and Nevis","Saint Kitts and Nevis","Saint Kitts and Nevis","Saint Kitts and Nevis","Saint Kitts and Nevis"
"199","Saint Lucia","Saint Lucia","Saint Lucia","America","AME","LCA","LCA","Saint Lucia","Saint Lucia","Saint Lucia","Saint Lucia","Saint Lucia"
"200","Saint Vincent and the Grenadines","Saint Vincent and the Grenadines","Saint Vincent/Grenadines","America","AME","VCT","VCT","Saint Vincent and the Grenadines","Saint Vincent and the Grenadines","Saint Vincent and the Grenadines","Saint Vincent and the Grenadines","Saint Vincent and the Grenadines"
"201","the Independent State of Samoa","Samoa","Samoa","Oceania","OCE","WSM","WSM","the Independent State of Samoa","the Independent State of Samoa","Samoa","Samoa","Samoa"
"202","the Republic of San Marino","San Marino","San Marino","Europe","EUR","SMR","SMR","the Republic of San Marino","the Republic of San Marino","San Marino","San Marino","San Marino"
"203","the Democratic Republic of Sao Tome and Principe","Sao Tome and Principe","Sao Tome and Principe","Africa","AFR","STP","STP","the Democratic Republic of Sao Tome and Principe","the Democratic Republic of Sao Tome and Principe","Sao Tome and Principe","Sao Tome and Principe","Sao Tome and Principe"
"204","the Kingdom of Saudi Arabia","Saudi Arabia","Saudi Arabia","Asia","ASI","SAU","SAU","the Kingdom of Saudi Arabia","the Kingdom of Saudi Arabia","Saudi Arabia","Saudi Arabia","Saudi Arabia"
"205","the Republic of Senegal","Senegal","Senegal","Africa","AFR","SEN","SEN","the Republic of Senegal","the Republic of Senegal","Senegal","Senegal","Senegal"
"206","the Republic of Serbia","Serbia","Serbia","Europe","EUR","SRB","SRB","the Republic of Serbia","the Republic of Serbia","Serbia","Serbia","Serbia"
"207","the Republic of Seychelles","Seychelles","Seychelles","Africa","AFR","SYC","SYC","the Republic of Seychelles","the Republic of Seychelles","Seychelles","Seychelles","Seychelles"
"208","the Republic of Sierra Leone","Sierra Leone","Sierra Leone","Africa","AFR","SLE","SLE","the Republic of Sierra Leone","the Republic of Sierra Leone","Sierra Leone","Sierra Leone","Sierra Leone"
"209","the Republic of Singapore","Singapore","Singapore","Asia","ASI","SGP","SGP","the Republic of Singapore","the Republic of Singapore","Singapore","Singapore","Singapore"
"210","the Slovak Republic","Slovakia","Slovakia","Europe","EUR","SVK","SVK","the Slovak Republic","the Slovak Republic","Slovakia","Slovakia","Slovakia"
"211","the Republic of Slovenia","Slovenia","Slovenia","Europe","EUR","SVN","SVN","the Republic of Slovenia","the Republic of Slovenia","Slovenia","Slovenia","Slovenia"
"212","Solomon Islands","Solomon Islands","Solomon Islands","Oceania","OCE","SLB","SLB","Solomon Islands","Solomon Islands","Solomon Islands","Solomon Islands","Solomon Islands"
"213","the Federal Republic of Somalia","Somalia","Somalia","Africa","AFR","SOM","SOM","the Federal Republic of Somalia","the Federal Republic of Somalia","Somalia","Somalia","Somalia"
"214","the Republic of South Africa","South Africa","South Africa","Africa","AFR","ZAF","ZAF","the Republic of South Africa","the Republic of South Africa","South Africa","South Africa","South Africa"
"215","the Republic of South Sudan","South Sudan","South Sudan","Africa","AFR","SSD","SSD","the Republic of South Sudan","the Republic of South Sudan","Ilemi Triangle","","South Sudan"
"216","the Republic of South Sudan","South Sudan","South Sudan","Africa","AFR","SSD","SSD","the Republic of South Sudan","the Republic of South Sudan","South Sudan","South Sudan","South Sudan"
"217","the Kingdom of Spain","Spain","Spain","Europe","EUR","ESP","ESP","the Kingdom of Spain","the Kingdom of Spain","Canary Islands","Canary Islands (Sp.)","Spain"
"218","the Kingdom of Spain","Spain","Spain","Europe","EUR","ESP","ESP","the Kingdom of Spain","the Kingdom of Spain","Spain","Spain","Spain"
"219","the Democratic Socialist Republic of Sri Lanka","Sri Lanka","Sri Lanka","Asia","ASI","LKA","LKA","the Democratic Socialist Republic of Sri Lanka","the Democratic Socialist Republic of Sri Lanka","Sri Lanka","Sri Lanka","Sri Lanka"
"220","the Republic of the Sudan","Sudan (the)","Sudan","Africa","AFR","SDN","SDN","the Republic of the Sudan","the Republic of the Sudan","Sudan","Sudan","Sudan"
"221","the Republic of the Sudan","Sudan (the)","Sudan","Africa","AFR","SDN","SDN","the Republic of the Sudan","the Republic of the Sudan","Halaib Triangle","","Sudan"
"222","the Republic of Suriname","Suriname","Suriname","America","AME","SUR","SUR","the Republic of Suriname","the Republic of Suriname","Suriname","Suriname","Suriname"
"223","the Kingdom of Sweden","Sweden","Sweden","Europe","EUR","SWE","SWE","the Kingdom of Sweden","the Kingdom of Sweden","Sweden","Sweden","Sweden"
"224","the Swiss Confederation","Switzerland","Switzerland","Europe","EUR","CHE","CHE","the Swiss Confederation","the Swiss Confederation","Switzerland","Switzerland","Switzerland"
"225","the Syrian Arab Republic","Syrian Arab Republic (the)","Syrian Arab Republic","Asia","ASI","SYR","SYR","the Syrian Arab Republic","the Syrian Arab Republic","Syrian Arab Republic","Syrian Arab Republic","Syrian Arab Republic"
"226","the Republic of Tajikistan","Tajikistan","Tajikistan","Asia","ASI","TJK","TJK","the Republic of Tajikistan","the Republic of Tajikistan","Tajikistan","Tajikistan","Tajikistan"
"227","the United Republic of Tanzania","United Republic of Tanzania (the)","Tanzania, United Rep. of","Africa","AFR","TZA","TZA","the United Republic of Tanzania","the United Republic of Tanzania","United Republic of Tanzania","United Republic of Tanzania","United Republic of Tanzania"
"228","the Kingdom of Thailand","Thailand","Thailand","Asia","ASI","THA","THA","the Kingdom of Thailand","the Kingdom of Thailand","Thailand","Thailand","Thailand"
"229","the Democratic Republic of Timor-Leste","Timor-Leste","Timor-Leste","Asia","ASI","TLS","TLS","the Democratic Republic of Timor-Leste","the Democratic Republic of Timor-Leste","Timor-Leste","Timor-Leste","Timor-Leste"
"230","the Togolese Republic","Togo","Togo","Africa","AFR","TGO","TGO","the Togolese Republic","the Togolese Republic","Togo","Togo","Togo"
"231","the Kingdom of Tonga","Tonga","Tonga","Oceania","OCE","TON","TON","the Kingdom of Tonga","the Kingdom of Tonga","Tonga","Tonga","Tonga"
"232","the Republic of Trinidad and Tobago","Trinidad and Tobago","Trinidad and Tobago","America","AME","TTO","TTO","the Republic of Trinidad and Tobago","the Republic of Trinidad and Tobago","Trinidad and Tobago","Trinidad and Tobago","Trinidad and Tobago"
"233","the Republic of Tunisia","Tunisia","Tunisia","Africa","AFR","TUN","TUN","the Republic of Tunisia","the Republic of Tunisia","Tunisia","Tunisia","Tunisia"
"234",NA,NA,"Turkey","Asia","ASI","TUR","TUR","the Republic of Turkey",NA,"Turkey","Turkey",NA
"235","Turkmenistan","Turkmenistan","Turkmenistan","Asia","ASI","TKM","TKM","Turkmenistan","Turkmenistan","Turkmenistan","Turkmenistan","Turkmenistan"
"236","Tuvalu","Tuvalu","Tuvalu","Oceania","OCE","TUV","TUV","Tuvalu","Tuvalu","Tuvalu","Tuvalu","Tuvalu"
"237","the Republic of Uganda","Uganda","Uganda","Africa","AFR","UGA","UGA","the Republic of Uganda","the Republic of Uganda","Uganda","Uganda","Uganda"
"238","Ukraine","Ukraine","Ukraine","Europe","EUR","UKR","UKR","Ukraine","Ukraine","Ukraine","Ukraine","Ukraine"
"239","the United Arab Emirates","United Arab Emirates (the)","United Arab Emirates","Asia","ASI","ARE","ARE","the United Arab Emirates","the United Arab Emirates","United Arab Emirates","United Arab Emirates","United Arab Emirates"
"240","Anguilla","Anguilla","United Kingdom","America","AME","GBR","AIA","Anguilla","Anguilla","Anguilla","Anguilla *","Anguilla"
"241","Bermuda","Bermuda","United Kingdom","America","AME","GBR","BMU","Bermuda","Bermuda","Bermuda","Bermuda *","Bermuda"
"242","Gibraltar","Gibraltar","United Kingdom","Europe","EUR","GBR","GIB","Gibraltar","Gibraltar","Gibraltar","Gibraltar *","Gibraltar"
"243","Montserrat","Montserrat","United Kingdom","America","AME","GBR","MSR","Montserrat","Montserrat","Montserrat","Montserrat *","Montserrat"
"244","South Georgia and the South Sandwich Islands","South Georgia and the South Sandwich Islands","United Kingdom","America","AME","GBR","SGS","South Georgia and the South Sandwich Islands","South Georgia and the South Sandwich Islands","South Georgia and the South Sandwich Islands","South Georgia and the South Sandwich Is.","South Georgia and the South Sandwich Islands"
"245","the Falkland Islands (Malvinas)","Falkland Islands (Malvinas) (the)","United Kingdom","America","AME","GBR","FLK","the Falkland Islands (Malvinas)","the Falkland Islands (Malvinas)","Falkland Islands (Malvinas)","Falkland Islands (Malvinas) ***","Falkland Islands (Malvinas)"
"246","the United Kingdom of Great Britain and Northern Ireland","United Kingdom of Great Britain and Northern Ireland (the)","United Kingdom","Europe","EUR","GBR","GBR","the United Kingdom of Great Britain and Northern Ireland","the United Kingdom of Great Britain and Northern Ireland","United Kingdom of Great Britain & Northern Ireland","United Kingdom of Great Britain & Northern Ireland","United Kingdom of Great Britain and Northern Ireland"
"247",NA,NA,"United Kingdom","Europe","EUR","GBR","JEY","Bailiwick of Jersey",NA,"Jersey","Jersey (UK)",NA
"248",NA,NA,"United Kingdom","Africa","AFR","GBR","SHN","Saint Helena, Ascension and Tristan da Cunha",NA,"Saint Helena","Ascencion *",NA
"249",NA,NA,"United Kingdom","Africa","AFR","GBR","SHN","Saint Helena, Ascension and Tristan da Cunha",NA,"Saint Helena","Tristan da Cunha *",NA
"250",NA,NA,"United Kingdom","Africa","AFR","GBR","SHN","Saint Helena, Ascension and Tristan da Cunha",NA,"Saint Helena","Saint Helena *",NA
"251",NA,NA,"United Kingdom","Africa","AFR","GBR","SHN","Saint Helena, Ascension and Tristan da Cunha",NA,"Saint Helena","Gough *",NA
"252",NA,NA,"United Kingdom","America","AME","GBR","VGB","British Virgin Islands",NA,"British Virgin Islands","British Virgin Islands *",NA
"253",NA,NA,"United Kingdom","Oceania","OCE","GBR","PCN","Pitcairn Islands",NA,"Pitcairn","Pitcairn *",NA
"254",NA,NA,"United Kingdom","Europe","EUR","GBR","IMN","Isle of Man",NA,"Isle of Man","Isle of Man (UK)",NA
"255",NA,NA,"United Kingdom","Europe","EUR","GBR","GGY","Bailiwick of Guernsey",NA,"Guernsey","Guernsey (UK)",NA
"256",NA,NA,"United Kingdom","America","AME","GBR","CYM","Cayman Islands",NA,"Cayman Islands","Cayman Islands *",NA
"257",NA,NA,"United Kingdom","America","AME","GBR","TCA","Turks and Caicos Islands",NA,"Turks and Caicos Islands","Turks and Caicos Islands *",NA
"258","American Samoa","American Samoa","United States of America","Oceania","OCE","USA","ASM","American Samoa","American Samoa","American Samoa","American Samoa *","American Samoa"
"259","Guam","Guam","United States of America","Oceania","OCE","USA","GUM","Guam","Guam","Guam","Guam *","Guam"
"260","the United States Virgin Islands","United States Virgin Islands (the)","United States of America","","","USA","VIR","the United States Virgin Islands","the United States Virgin Islands","United States Virgin Islands","United States Virgin Islands *","United States Virgin Islands"
"261","the United States of America","United States of America (the)","United States of America","America","AME","USA","USA","the United States of America","the United States of America","United States of America","United States of America","United States of America"
"262",NA,NA,"United States of America","Oceania","OCE","USA","UMI","the United States Minor Islands",NA,"Baker Island","Baker Island (USA)",NA
"263",NA,NA,"United States of America","Oceania","OCE","USA","UMI","the United States Minor Islands",NA,"Jarvis Island","Jarvis Island (USA)",NA
"264",NA,NA,"United States of America","Oceania","OCE","USA","UMI","the United States Minor Islands",NA,"Kingman Reef","Kingman Reef (USA)",NA
"265",NA,NA,"United States of America","America","AME","USA","UMI","the United States Minor Islands",NA,"Navassa Island","Navassa Island (USA)",NA
"266",NA,NA,"United States of America","Oceania","OCE","USA","UMI","the United States Minor Islands",NA,"Howland Island","Howland Island (USA)",NA
"267",NA,NA,"United States of America","America","AME","USA","PRI","Puerto Rico",NA,"Puerto Rico (USA)","Puerto Rico (USA)",NA
"268",NA,NA,"United States of America","Oceania","OCE","USA","UMI","the United States Minor Islands",NA,"Wake Island","Wake Island (USA)",NA
"269",NA,NA,"United States of America","Oceania","OCE","USA","UMI","the United States Minor Islands",NA,"Palmyra Atoll","Palmyra Atoll (USA)",NA
"270",NA,NA,"United States of America","Oceania","OCE","USA","UMI","the United States Minor Islands",NA,"Johnston Atoll","Johnston Atoll (USA)",NA
"271",NA,NA,"United States of America","Oceania","OCE","USA","UMI","the United States Minor Islands",NA,"Midway Islands","Midway Islands (USA)",NA
"272",NA,NA,"United States of America","Oceania","OCE","USA","MNP","Northern Mariana Islands",NA,"Northern Mariana Is. (USA)","Northern Mariana Is. (USA)",NA
"273","the Eastern Republic of Uruguay","Uruguay","Uruguay","America","AME","URY","URY","the Eastern Republic of Uruguay","the Eastern Republic of Uruguay","Uruguay","Uruguay","Uruguay"
"274","the Republic of Uzbekistan","Uzbekistan","Uzbekistan","Asia","ASI","UZB","UZB","the Republic of Uzbekistan","the Republic of Uzbekistan","Uzbekistan","Uzbekistan","Uzbekistan"
"275","the Republic of Vanuatu","Vanuatu","Vanuatu","Oceania","OCE","VUT","VUT","the Republic of Vanuatu","the Republic of Vanuatu","Vanuatu","Vanuatu","Vanuatu"
"276","the Bolivarian Republic of Venezuela","Bolivarian Republic of Venezuela (the)","Venezuela, Boliv Rep of","America","AME","VEN","VEN","the Bolivarian Republic of Venezuela","the Bolivarian Republic of Venezuela","Venezuela","Venezuela","Venezuela (Bolivarian Republic of)"
"277","the Bolivarian Republic of Venezuela","Bolivarian Republic of Venezuela (the)","Venezuela, Boliv Rep of","America","AME","VEN","VEN","the Bolivarian Republic of Venezuela","the Bolivarian Republic of Venezuela","Bird Island","","Venezuela (Bolivarian Republic of)"
"278","the Socialist Republic of Viet Nam","Viet Nam","Viet Nam","Asia","ASI","VNM","VNM","the Socialist Republic of Viet Nam","the Socialist Republic of Viet Nam","Viet Nam","Viet Nam","Viet Nam"
"279","Western Sahara","Western Sahara","Western Sahara","Africa","AFR","ESH","ESH","Western Sahara","Western Sahara","Western Sahara","Western Sahara *","Western Sahara"
"280","the Republic of Yemen","Yemen","Yemen","Asia","ASI","YEM","YEM","the Republic of Yemen","the Republic of Yemen","Yemen","Yemen","Yemen"
"281","the Republic of Zambia","Zambia","Zambia","Africa","AFR","ZMB","ZMB","the Republic of Zambia","the Republic of Zambia","Zambia","Zambia","Zambia"
"282","the Republic of Zimbabwe","Zimbabwe","Zimbabwe","Africa","AFR","ZWE","ZWE","the Republic of Zimbabwe","the Republic of Zimbabwe","Zimbabwe","Zimbabwe","Zimbabwe"
"283","Arunachal Pradesh","Arunachal Pradesh",NA,NA,NA,NA,NA,NA,NA,NA,NA,"Arunachal Pradesh"
"284","Ascension, Saint Helena and Tristan da Cunha","Ascension, Saint Helena and Tristan da Cunha",NA,NA,NA,NA,"SHN",NA,"Ascension, Saint Helena and Tristan da Cunha",NA,NA,"Ascension, Saint Helena and Tristan da Cunha"
"285","Baker Island","Baker Island",NA,NA,NA,NA,NA,NA,NA,NA,NA,"Baker Island"
"286","Bassas da India","Bassas da India",NA,NA,NA,NA,NA,NA,NA,NA,NA,"Bassas da India"
"287","Bird Island","Bird Island",NA,NA,NA,NA,NA,NA,NA,NA,NA,"Bird Island"
"288","China, Macao Special Administrative Region","China, Macao SAR",NA,NA,NA,NA,"MAC",NA,"China, Macao Special Administrative Region",NA,NA,"China, Macao SAR"
"289","Clipperton Island","Clipperton Island",NA,NA,NA,NA,NA,NA,NA,NA,NA,"Clipperton Island"
"290","Curaçao","Curaçao",NA,NA,NA,NA,"CUW",NA,"Curaçao",NA,NA,"Curaçao"
"291","Diego Garcia","Diego Garcia",NA,NA,NA,NA,NA,NA,NA,NA,NA,"Diego Garcia"
"292","Europa Island","Europa Island",NA,NA,NA,NA,NA,NA,NA,NA,NA,"Europa Island"
"293","Heard Island and McDonald Islands","Heard Island and McDonald Islands",NA,NA,NA,NA,"HMD",NA,"Heard Island and McDonald Islands",NA,NA,"Heard Island and McDonald Islands"
"294","Howland Island","Howland Island",NA,NA,NA,NA,NA,NA,NA,NA,NA,"Howland Island"
"295","Iceland","Iceland",NA,NA,NA,NA,"ISL",NA,"Iceland",NA,NA,"Iceland"
"296","Jammu and Kashmir","Jammu and Kashmir",NA,NA,NA,NA,NA,NA,NA,NA,NA,"Jammu and Kashmir"
"297","Jarvis Island","Jarvis Island",NA,NA,NA,NA,NA,NA,NA,NA,NA,"Jarvis Island"
"298","Johnston Atoll","Johnston Atoll",NA,NA,NA,NA,NA,NA,NA,NA,NA,"Johnston Atoll"
"299","Johnston Island","Johnston Island",NA,NA,NA,NA,"JTN",NA,"Johnston Island",NA,NA,"Johnston Island"
"300","Juan de Nova Island","Juan de Nova Island",NA,NA,NA,NA,NA,NA,NA,NA,NA,"Juan de Nova Island"
"301","Kingman Reef","Kingman Reef",NA,NA,NA,NA,NA,NA,NA,NA,NA,"Kingman Reef"
"302","Kosovo","Kosovo",NA,NA,NA,NA,NA,NA,NA,NA,NA,"Kosovo"
"303","Ma'tan al-Sarra","Ma'tan al-Sarra",NA,NA,NA,NA,NA,NA,NA,NA,NA,"Ma'tan al-Sarra"
"304","Marion Island","Marion Island",NA,NA,NA,NA,NA,NA,NA,NA,NA,"Marion Island"
"305","Navassa Island","Navassa Island",NA,NA,NA,NA,NA,NA,NA,NA,NA,"Navassa Island"
"306","Nepal","Nepal",NA,NA,NA,NA,"NPL",NA,"Nepal",NA,NA,"Nepal"
"307","Niue","Niue",NA,NA,NA,NA,"NIU",NA,"Niue",NA,NA,"Niue"
"308","Norfolk Island","Norfolk Island",NA,NA,NA,NA,"NFK",NA,"Norfolk Island",NA,NA,"Norfolk Island"
"309","Palmyra Atoll","Palmyra Atoll",NA,NA,NA,NA,NA,NA,NA,NA,NA,"Palmyra Atoll"
"310","Panama, Former Canal Zone","Panama, Former Canal Zone",NA,NA,NA,NA,NA,NA,NA,NA,NA,"Panama, Former Canal Zone"
"311","Pitcairn","Pitcairn",NA,NA,NA,NA,"PCN",NA,"Pitcairn",NA,NA,"Pitcairn"
"312","Prince Edward Island","Prince Edward Island",NA,NA,NA,NA,NA,NA,NA,NA,NA,"Prince Edward Island"
"313","Réunion","Réunion",NA,NA,NA,NA,"REU",NA,"Réunion",NA,NA,"Réunion"
"314","Saint Barthélemy","Saint Barthélemy",NA,NA,NA,NA,"BLM",NA,"Saint Barthélemy",NA,NA,"Saint Barthélemy"
"315","Saint Martin (French part)","Saint Martin (French part)",NA,NA,NA,NA,NA,NA,NA,NA,NA,"Saint Martin (French part)"
"316","Scarborough Reef","Scarborough Reef",NA,NA,NA,NA,NA,NA,NA,NA,NA,"Scarborough Reef"
"317","Sint Maarten (Dutch part)","Sint Maarten (Dutch part)",NA,NA,NA,NA,"SXM",NA,"Sint Maarten (Dutch part)",NA,NA,"Sint Maarten (Dutch part)"
"318","Tromelin Island","Tromelin Island",NA,NA,NA,NA,NA,NA,NA,NA,NA,"Tromelin Island"
"319","Wake Island","Wake Island",NA,NA,NA,NA,"WAK",NA,"Wake Island",NA,NA,"Wake Island"
"320","West Papua","West Papua",NA,NA,NA,NA,NA,NA,NA,NA,NA,"West Papua"
"321","the Andaman and Nicobar Islands","Andaman and Nicobar Islands (the)",NA,NA,NA,NA,NA,NA,NA,NA,NA,"Andaman and Nicobar Islands"
"322","the Ashmore and Cartier Islands","Ashmore and Cartier Islands (the)",NA,NA,NA,NA,NA,NA,NA,NA,NA,"Ashmore and Cartier Islands"
"323","the Autonomous Republic of Crimea and the city of Sevastopol, Ukraine, temporarily occupied by the Russian Federation","Autonomous Republic of Crimea and the city of Sevastopol, Ukraine, temporarily occupied by the Russian Federation (the)",NA,NA,NA,NA,NA,NA,NA,NA,NA,"Autonomous Republic of Crimea and the city of Sevastopol, Ukraine, temporarily occupied by the Russian Federation"
"324","the Bailiwick of Guernsey","Guernsey",NA,NA,NA,NA,"GGY",NA,"the Bailiwick of Guernsey",NA,NA,"Guernsey"
"325","the Bailiwick of Jersey","Jersey",NA,NA,NA,NA,"JEY",NA,"the Bailiwick of Jersey",NA,NA,"Jersey"
"326","the British Indian Ocean Territory","British Indian Ocean Territory (the)",NA,NA,NA,NA,"IOT",NA,"the British Indian Ocean Territory",NA,NA,"British Indian Ocean Territory"
"327","the British Virgin Islands","British Virgin Islands (the)",NA,NA,NA,NA,"VGB",NA,"the British Virgin Islands",NA,NA,"British Virgin Islands"
"328","the Canary Islands","Canary Islands (the)",NA,NA,NA,NA,NA,NA,NA,NA,NA,"Canary Islands"
"329","the Canton and Enderbury Islands","Canton and Enderbury Islands (the)",NA,NA,NA,NA,"",NA,"the Canton and Enderbury Islands",NA,NA,"Canton and Enderbury Islands"
"330","the Cayman Islands","Cayman Islands (the)",NA,NA,NA,NA,"CYM",NA,"the Cayman Islands",NA,NA,"Cayman Islands"
"331","the Chagos Archipelago","Chagos Archipelago (the)",NA,NA,NA,NA,NA,NA,NA,NA,NA,"Chagos Archipelago"
"332","the Channel Islands","Channel Islands (the)",NA,NA,NA,NA,"",NA,"the Channel Islands",NA,NA,"Channel Islands"
"333","the Cocos (Keeling) Islands","Cocos (Keeling) Islands (the)",NA,NA,NA,NA,"CCK",NA,"the Cocos (Keeling) Islands",NA,NA,"Cocos (Keeling) Islands"
"334","the Commonwealth of Puerto Rico","Puerto Rico",NA,NA,NA,NA,"PRI",NA,"the Commonwealth of Puerto Rico",NA,NA,"Puerto Rico"
"335","the Commonwealth of the Northern Mariana Islands","Northern Mariana Islands (the)",NA,NA,NA,NA,"MNP",NA,"the Commonwealth of the Northern Mariana Islands",NA,NA,"Northern Mariana Islands"
"336","the Coral Sea Islands Territory","Coral Sea Islands Territory (the)",NA,NA,NA,NA,NA,NA,NA,NA,NA,"Coral Sea Islands Territory"
"337","the European Union","European Union (the)",NA,NA,NA,NA,"EUR",NA,"the European Union",NA,NA,"European Union"
"338","the Faroe Islands","Faroe Islands (the)",NA,NA,NA,NA,"FRO",NA,"the Faroe Islands",NA,NA,"Faroe Islands"
"339","the French Southern Territories","French Southern Territories (the)",NA,NA,NA,NA,"ATF",NA,"the French Southern Territories",NA,NA,"French Southern Territories"
"340","the Gaza Strip","Gaza Strip (the)",NA,NA,NA,NA,"",NA,"the Gaza Strip",NA,NA,"Gaza Strip"
"341","the Glorioso Islands","Glorioso Islands (the)",NA,NA,NA,NA,NA,NA,NA,NA,NA,"Glorioso Islands"
"342","the Golan Heights","Golan Heights (the)",NA,NA,NA,NA,NA,NA,NA,NA,NA,"Golan Heights"
"343","the Greater Antilles","Greater Antilles (the)",NA,NA,NA,NA,NA,NA,NA,NA,NA,"Greater Antilles"
"344","the Hala'ib Triangle","Hala'ib Triangle (the)",NA,NA,NA,NA,NA,NA,NA,NA,NA,"Hala'ib Triangle"
"345","the Holy See","Holy See (the)",NA,NA,NA,NA,"VAT",NA,"the Holy See",NA,NA,"Holy See"
"346","the Ilemi Triangle","Ilemi Triangle (the)",NA,NA,NA,NA,NA,NA,NA,NA,NA,"Ilemi Triangle"
"347","the Independent State of Papua New Guinea","Papua New Guinea",NA,NA,NA,NA,"PNG",NA,"the Independent State of Papua New Guinea",NA,NA,"Papua New Guinea"
"348","the Islamic Republic of Afghanistan","Afghanistan",NA,NA,NA,NA,"AFG",NA,"the Islamic Republic of Afghanistan",NA,NA,"Afghanistan"
"349","the Isle of Man","Isle of Man (the)",NA,NA,NA,NA,"IMN",NA,"the Isle of Man",NA,NA,"Isle of Man"
"350","the Kerguelen Islands","Kerguelen Islands (the)",NA,NA,NA,NA,NA,NA,NA,NA,NA,"Kerguelen Islands"
"351","the Kuril Islands","Kuril Islands (the)",NA,NA,NA,NA,NA,NA,NA,NA,NA,"Kuril Islands"
"352","the Lesser Antilles","Lesser Antilles (the)",NA,NA,NA,NA,NA,NA,NA,NA,NA,"Lesser Antilles"
"353","the Liancourt Rocks","Liancourt Rocks (the)",NA,NA,NA,NA,NA,NA,NA,NA,NA,"Liancourt Rocks"
"354","the Madeira Islands","Madeira Islands (the)",NA,NA,NA,NA,NA,NA,NA,NA,NA,"Madeira Islands"
"355","the Midway Islands","Midway Islands (the)",NA,NA,NA,NA,"MID",NA,"the Midway Islands",NA,NA,"Midway Islands"
"356","the Nagorno-Karabakh region of Azerbaijan","Nagorno-Karabakh region of Azerbaijan (the)",NA,NA,NA,NA,NA,NA,NA,NA,NA,"Nagorno-Karabakh region of Azerbaijan"
"357","the Neutral Zone","Neutral Zone (the)",NA,NA,NA,NA,"",NA,"the Neutral Zone",NA,NA,"Neutral Zone"
"358","the Occupied Palestinian Territory","Occupied Palestinian Territory (the)",NA,NA,NA,NA,NA,NA,NA,NA,NA,"Occupied Palestinian Territory"
"359","the Paracel Islands","Paracel Islands (the)",NA,NA,NA,NA,NA,NA,NA,NA,NA,"Paracel Islands"
"360","the Persian Gulf","Persian Gulf (the)",NA,NA,NA,NA,NA,NA,NA,NA,NA,"Persian Gulf"
"361","the Republic of Cabo Verde","Cabo Verde",NA,NA,NA,NA,"CPV",NA,"the Republic of Cabo Verde",NA,NA,"Cabo Verde"
"362","the Republic of Côte d'Ivoire","Côte d'Ivoire",NA,NA,NA,NA,"CIV",NA,"the Republic of Côte d'Ivoire",NA,NA,"Côte d'Ivoire"
"363","the Republic of Türkiye","Türkiye",NA,NA,NA,NA,"TUR",NA,"the Republic of Türkiye",NA,NA,"Türkiye"
"364","the Republic of the Sudan","Sudan (the)",NA,NA,NA,NA,"",NA,"the Republic of the Sudan",NA,NA,"Sudan"
"365","the Ross Dependency","Ross Dependency (the)",NA,NA,NA,NA,NA,NA,NA,NA,NA,"Ross Dependency"
"366","the Senkaku Islands","Senkaku Islands (the)",NA,NA,NA,NA,NA,NA,NA,NA,NA,"Senkaku Islands"
"367","the Sovereign Base Areas of Akrotiri and Dhekelia","SBA of Akrotiri and Dhekelia (the)",NA,NA,NA,NA,NA,NA,NA,NA,NA,"Akrotiri and Dhekelia"
"368","the Spratly Islands","Spratly Islands (the)",NA,NA,NA,NA,NA,NA,NA,NA,NA,"Spratly Islands"
"369","the State of Libya","Libya",NA,NA,NA,NA,"LBY",NA,"the State of Libya",NA,NA,"Libya"
"370","the Svalbard and Jan Mayen Islands","Svalbard and Jan Mayen Islands (the)",NA,NA,NA,NA,"SJM",NA,"the Svalbard and Jan Mayen Islands",NA,NA,"Svalbard and Jan Mayen Islands"
"371","the Trust Territory of the Pacific Islands","Trust Territory of the Pacific Islands (the)",NA,NA,NA,NA,"",NA,"the Trust Territory of the Pacific Islands",NA,NA,"Trust Territory of the Pacific Islands"
"372","the Turks and Caicos Islands","Turks and Caicos Islands (the)",NA,NA,NA,NA,"TCA",NA,"the Turks and Caicos Islands",NA,NA,"Turks and Caicos Islands"
"373","the United Republic of Tanzania, Zanzibar","United Republic of Tanzania, Zanzibar (the)",NA,NA,NA,NA,"EAZ",NA,"the United Republic of Tanzania, Zanzibar",NA,NA,"United Republic of Tanzania, Zanzibar"
"374","the United States Minor Outlying Islands","United States Minor Outlying Islands (the)",NA,NA,NA,NA,"UMI",NA,"the United States Minor Outlying Islands",NA,NA,"United States Minor Outlying Islands"
"375","the Wallis and Futuna Islands","Wallis and Futuna Islands (the)",NA,NA,NA,NA,"WLF",NA,"the Wallis and Futuna Islands",NA,NA,"Wallis and Futuna Islands"
"376","the West Bank","West Bank (the)",NA,NA,NA,NA,"",NA,"the West Bank",NA,NA,"West Bank"
"377","the Åland Islands","Åland Islands (the)",NA,NA,NA,NA,"ALA",NA,"the Åland Islands",NA,NA,"Åland Islands"
"378",NA,NA,NA,NA,NA,NA,"",NA,"",NA,NA,NA
"379",NA,NA,NA,NA,NA,NA,"CSK",NA,"Czechoslovakia",NA,NA,NA
"380",NA,NA,NA,NA,NA,NA,"ANT",NA,"Netherlands Antilles",NA,NA,NA
"381",NA,NA,NA,NA,NA,NA,"SCG",NA,"Serbia and Montenegro",NA,NA,NA
"382",NA,NA,NA,NA,NA,NA,"SUN",NA,"Union of Soviet Socialist Republics",NA,NA,NA
"383",NA,NA,NA,NA,NA,NA,"YUG",NA,"Socialist Federal Republic of Yugoslavia",NA,NA,NA
"384",NA,NA,NA,NA,NA,NA,"",NA,"Other NEI",NA,NA,NA
"385",NA,NA,NA,NA,NA,NA,"MAF",NA,"Saint-Martin (French part)",NA,NA,NA
"386",NA,NA,NA,NA,NA,NA,"",NA,"Sark",NA,NA,NA
